{
	"Total collisions": 3,
	"Collision heat map Image Url": "https://latitudegeo.maps.arcgis.com/sharing/rest/content/items/31435829568a45baa25883886897b080/data",
	"Collisions per 100 million VMT": {
		"Project": -1.0,
		"Community Type": 67.7,
		"Region": 63.4
	},
	"Bike and Ped Collisions per Project Centerline": {
		"Project": 0.0,
		"Community Type": 2.5,
		"Region": 1.6
	},
	"charts": {
		"Fatal and BikePed Collisions": {
			"title": "Fatal and Bike-Ped Collisions",
			"features": [
				{
					"attributes": {
						"type": "Pct of collisions that are fatal",
						"Project": 0.0,
						"Community Type": 0.02,
						"Region": 0.02
					}
				},
				{
					"attributes": {
						"type": "Pct of collisions with bike/ped",
						"Project": 0.0,
						"Community Type": 0.13,
						"Region": 0.12
					}
				}
			]
		}
	}
}