{
	"K12 Enrollment": 32,
	"charts": {
		"Access to jobs": {
			"title": "Base Year Job Accessibility by Mode from Project",
			"features": [
				{
					"attributes": {
						"type": "30 Min Walk",
						"Project": 3025,
						"Community Type": 3209,
						"Region": 3842
					}
				},
				{
					"attributes": {
						"type": "30 Min Biking",
						"Project": 19581,
						"Community Type": 37114,
						"Region": 37354
					}
				},
				{
					"attributes": {
						"type": "30 Min Drive",
						"Project": 483300,
						"Community Type": 510068,
						"Region": 475047
					}
				},
				{
					"attributes": {
						"type": "45 Min Transit",
						"Project": 14807,
						"Community Type": 20657,
						"Region": 22213
					}
				}
			]
		},
		"Education Facility": {
			"title": "Base Year Education Accessibility by Mode",
			"features": [
				{
					"attributes": {
						"type": "30 Min Walk",
						"Project": 2,
						"Community Type": 5,
						"Region": 5
					}
				},
				{
					"attributes": {
						"type": "30 Min Biking",
						"Project": 34,
						"Community Type": 40,
						"Region": 38
					}
				},
				{
					"attributes": {
						"type": "30 Min Drive",
						"Project": 427,
						"Community Type": 526,
						"Region": 493
					}
				},
				{
					"attributes": {
						"type": "45 Min Transit",
						"Project": 23,
						"Community Type": 20,
						"Region": 19
					}
				}
			]
		},
		"Change in Ag acreage": {
			"title": "Change in Ag acreage share within 0.5mi of project location",
			"features": [
				{
					"attributes": {
						"year": "2016",
						"value": 0.4
					}
				},
				{
					"attributes": {
						"year": "2040",
						"value": 0.6
					}
				}
			]
		}
	}
}