{
	"Intersections per acre": {
		"Within 0.25mi": 0.1,
		"Community Type": 0.12,
		"Region": 0.01
	},
	"Bike lanes and paths as share of total road miles": {
		"Within 0.25mi": 0.18,
		"Community Type": 0.19,
		"Region": 0.11
	},
	"Bikeway Image Url": "https://latitudegeo.maps.arcgis.com/sharing/rest/content/items/31435829568a45baa25883886897b080/data",
	"Transit vehicle stops per acre": {
		"Within 0.25mi": 0.31,
		"Community Type": 0.53,
		"Region": 0.07
	},
	"Transit Service Density Image Url": "https://latitudegeo.maps.arcgis.com/sharing/rest/content/items/191ce274b8c34e93a631670ed05dd52f/data",
	"charts": {
		"Residential Mode Split": {
			"title": "Residential Mode Split within 0.5mi of Project Location",
			"features": [
				{
					"attributes": {
						"type": "Single-occupant vehicle",
						"year 2016": 0.41,
						"year 2040": 0.39
					}
				},
				{
					"attributes": {
						"type": "Carpool",
						"year 2016": 0.48,
						"year 2040": 0.48
					}
				},
				{
					"attributes": {
						"type": "Tansit",
						"year 2016": 0.01,
						"year 2040": 0.02
					}
				},
				{
					"attributes": {
						"type": "Biking",
						"year 2016": 0.02,
						"year 2040": 0.03
					}
				},
				{
					"attributes": {
						"type": "Walking",
						"year 2016": 0.06,
						"year 2040": 0.07
					}
				}
			]
		}
	}
}