{
    "Percent Project on STAA": 0.05,
	"STAA network Image Url": "https://latitudegeo.maps.arcgis.com/sharing/rest/content/items/31435829568a45baa25883886897b080/data",
	"Share of jobs in industrial sectors": {
		"Within 0.5mi of project": 0.1,
		"Within community type": 0.16,
		"Within region": 0.13
	},
	"charts": {
		"Change in share of industrial jobs": {
			"title": "Share of Industrial Jobs",
			"features": [
				{
					"attributes": {
						"year": "2016",
						"value": 0.1
					}
				},
				{
					"attributes": {
						"year": "2040",
						"value": 0.6
					}
				}
			]
		}
	}
}