GEOID,pop_tot,pop_pov200
060170302012,1273,315
060170302022,723,153
060170303012,1274,744
060170303022,833,323
060170304021,809,364
060170304024,1207,466
060170304041,887,301
060170305021,569,54
060170305024,519,49
060170305043,679,51
060170305072,636,37
060170306012,1134,97
060170306031,977,197
060170306061,2169,885
060170307011,2065,280
060170307061,2057,229
060170307064,1459,72
060170307093,1292,49
060170307103,1482,231
060170307113,2749,622
060170308092,1579,440
060170308103,1701,611
060170308122,2406,164
060170309012,1706,390
060170309023,1151,143
060170310003,2773,506
060170311002,1104,435
060170311003,1807,257
060170312002,974,280
060170313011,783,158
060170313021,463,55
060170313024,1140,523
060170314051,1704,280
060170314062,1953,241
060170314065,829,205
060170315053,535,71
060170316011,630,204
060170316021,1190,300
060170318001,1359,76
060170318004,1004,33
060170320021,138,35
060170316012,521,194
060170316013,368,97
060170316022,905,537
060170317001,3374,159
060170318002,2340,253
060170318003,1951,184
060170319001,86,13
060170320011,725,216
060170320022,108,13
060179900000,0,0
060170302011,633,170
060170302013,917,317
060170302021,1044,162
060170302023,459,337
060170303011,944,361
060170303013,766,275
060170303021,537,162
060170303023,670,174
060170303024,644,205
060170304022,896,283
060170304023,549,134
060170304025,777,154
060170304031,491,146
060170304032,325,45
060170304033,553,45
060170304042,703,111
060170304043,646,237
060170305022,433,41
060170305023,1165,219
060170305041,1542,209
060170305042,446,162
060170305061,969,131
060170305071,384,69
060170305073,402,84
060170306011,726,40
060170306013,1856,161
060170306014,1304,193
060170306032,1130,217
060170306033,1754,591
060170306034,99,15
060170306041,886,440
060170306051,1423,628
060170306052,758,315
060170306062,1108,276
060170306063,1274,356
060170307012,2604,324
060170307013,1112,334
060170307062,717,49
060170307063,1632,276
060170307091,1457,76
060170307092,2145,117
060170307101,2695,81
060170307102,1451,248
060170307111,1489,203
060170307112,2083,253
060170307121,680,18
060170307122,1098,0
060170307123,2675,280
060170308011,3071,244
060170308012,1737,57
060170308041,1681,700
060170308042,750,83
060170308043,2824,158
060170308044,1568,347
060170308071,1771,216
060170308072,1798,160
060170308081,1727,225
060170308082,1279,23
060170308083,1402,159
060170308084,1408,125
060170308091,1039,84
060170308101,1156,611
060170308102,884,30
060170308111,1733,356
060170308121,1785,214
060170308123,1843,560
060170309011,1990,179
060170309021,2099,122
060170309022,1406,220
060170310001,675,100
060170310002,1466,312
060170310004,899,153
060170311001,1728,366
060170311004,1106,451
060170312001,1784,350
060170312003,1482,280
060170312004,494,125
060170313012,1135,154
060170313013,1614,304
060170313022,2110,1097
060170313023,766,461
060170314041,1515,281
060170314042,667,114
060170314052,623,140
060170314061,629,111
060170314063,796,213
060170314064,1127,190
060170314071,2038,871
060170314081,749,43
060170314082,1147,91
060170314091,791,303
060170314092,1054,175
060170314093,752,294
060170315031,746,26
060170315032,1564,241
060170315041,1504,442
060170315042,904,115
060170315043,1316,252
060170315044,2791,1327
060170315051,934,171
060170315052,1138,198
060170315061,1717,268
060170315062,773,190
060610201042,348,12
060610201052,1064,183
060610201062,600,92
060610201073,417,331
060610202003,318,170
060610203002,1941,763
060610204012,632,281
060610205011,831,158
060610205021,2202,269
060610206011,1320,11
060610206014,1514,92
060610206043,449,58
060610206051,1583,282
060610207113,720,107
060610207123,1184,477
060610207141,1845,310
060610207151,1391,177
060610207172,3689,650
060610208053,1216,422
060610209011,984,327
060610209082,1652,453
060610210031,1276,510
060610210034,1272,18
060610210341,2380,38
060610210371,2301,445
060610210383,1358,401
060610210392,607,60
060610210402,1459,261
060610210432,2113,204
060610211034,1256,355
060610211081,278,63
060610211092,1698,396
060610211221,2154,109
060610211232,1618,115
060610211281,1282,348
060610211292,1200,442
060610211311,1588,98
060610212031,3077,962
060610212041,1817,173
060610213042,726,166
060610213231,2946,270
060610213234,4342,338
060610213243,1725,46
060610213252,2746,202
060610213262,1571,79
060610214035,1592,208
060610215013,1583,746
060610215022,1487,205
060610216033,1049,71
060610218011,1555,97
060610218014,891,248
060610218022,979,275
060610218025,1683,113
060610219021,1715,189
060610220021,922,246
060610220024,1946,135
060610220131,951,133
060610220141,384,97
060610221001,722,84
060610222002,738,113
060610231001,1798,134
060610231003,3622,134
060610233001,2332,198
060610234002,3071,664
060610235012,619,0
060610235023,89,0
060610236002,1559,308
060610237002,1445,251
060610239001,1424,325
060619900000,0,0
060610213282,1978,136
060610211031,1236,266
060610211032,639,26
060610211033,1095,455
060610211061,860,83
060610211062,1538,347
060610211082,2704,716
060610211091,3090,644
060610211093,1274,61
060610211222,1568,107
060610211231,2499,126
060610211233,1102,61
060610211234,1827,97
060610211282,1924,314
060610211291,2196,473
060610211301,709,85
060610211302,1537,228
060610211312,1918,104
060610211313,1467,323
060610212032,2041,210
060610212033,2465,215
060610212042,715,90
060610213041,1433,404
060610213043,1447,445
060610213044,1971,63
060610213232,1179,500
060610213233,458,13
060610213241,1450,50
060610213242,2721,59
060610213251,2030,298
060610213253,3065,1096
060610213261,648,0
060610213271,742,193
060610213272,2108,311
060610213273,417,49
060610213274,802,0
060610213281,818,436
060610213283,3157,829
060610213284,1380,10
060610213285,195,64
060610214011,1336,415
060610214012,1892,552
060610214031,1088,609
060610214032,1111,554
060610214033,1003,155
060610214034,894,268
060610215011,492,33
060610215012,1061,79
060610215014,1870,243
060610215021,2852,596
060610216031,1670,215
060610216032,1850,1123
060610216041,1582,165
060610216042,2287,131
060610218012,2095,436
060610218013,464,133
060610218021,835,98
060610218023,977,364
060610218024,1605,552
060610219011,1542,382
060610219012,1806,270
060610219022,2626,429
060610219023,686,215
060610220022,2411,709
060610220023,1453,361
060610220111,411,16
060610220112,1199,120
060610220132,1058,438
060610220133,1127,244
060610220142,655,78
060610220143,330,72
060610221002,93,49
060610222001,130,44
060610223001,123,22
060610223002,333,151
060610224001,2102,289
060610224002,2471,222
060610225001,2279,553
060610225002,2530,365
060610226001,2813,204
060610226002,0,0
060610226003,2154,497
060610228001,2232,266
060610228002,2601,512
060610229001,1799,408
060610229002,1805,466
060610229003,1846,213
060610230001,2000,127
060610230002,1778,184
060610231002,2927,331
060610232001,3260,270
060610232002,2678,319
060610233002,3916,150
060610234001,871,57
060610234003,1857,61
060610235011,385,0
060610235021,1600,63
060610235022,1724,230
060610235024,1856,14
060610236001,1879,216
060610236003,865,184
060610237001,1884,535
060610238001,1481,245
060610238002,1611,312
060610239002,1820,264
060610201041,356,0
060610201043,257,17
060610201051,387,41
060610201061,788,204
060610201071,1250,364
060610201072,1004,333
060610202001,2539,120
060610202002,3447,1056
060610202004,323,323
060610203001,1500,424
060610203003,931,318
060610204011,1547,635
060610204021,1839,175
060610204022,1870,497
060610205012,809,107
060610205013,1394,119
060610205022,536,138
060610205023,1883,127
060610206012,2729,82
060610206013,1641,59
060610206041,857,234
060610206042,2881,87
060610206044,2046,240
060610206052,3101,203
060610206053,1676,90
060610206061,1942,32
060610206062,1108,50
060610206063,1255,105
060610206071,3675,509
060610206072,1659,294
060610206081,2369,269
060610206082,739,0
060610206083,1158,106
060610207101,1593,207
060610207102,1213,120
060610207103,2079,368
060610207111,1855,374
060610207112,1845,367
060610207121,1331,586
060610207122,768,168
060610207131,1307,400
060610207132,1266,426
060610207142,1977,455
060610207152,1479,218
060610207171,1246,118
060610208051,1601,262
060610208052,1010,211
060610208061,2225,654
060610208062,1529,414
060610209012,1374,847
060610209081,1942,370
060610209083,2545,638
060610209084,1259,395
060610210032,1093,75
060610210033,1073,152
060610210035,1879,230
060610210036,326,206
060610210342,1412,84
060610210343,533,37
060610210381,1385,94
060610210382,2026,264
060610210384,2776,393
060610210391,922,248
060610210401,1011,151
060610210403,777,135
060610210431,1688,389
060610210441,1522,180
060610210442,1986,147
060610210443,2050,109
060610210451,1835,682
060610210452,1181,252
060610210461,926,149
060610210462,2054,478
060610210463,2151,634
060610210471,1969,234
060610210472,2349,438
060610210481,1212,117
060610210482,2256,11
060670004002,689,351
060670004005,1164,380
060670005021,879,54
060670006002,549,299
060670008001,588,127
060670011022,708,177
060670011033,754,458
060670012021,529,103
060670013002,1042,212
060670014002,658,109
060670015002,876,18
060670015005,1407,153
060670016013,969,32
060670017011,1829,987
060670017023,961,635
060670018003,500,174
060670022003,841,356
060670023002,909,145
060670024001,2019,14
060670024003,725,149
060670025002,898,62
060670026003,761,28
060670027003,752,556
060670028002,897,522
060670029002,1052,165
060670030011,1506,708
060670030022,1624,274
060670031012,437,125
060670031021,1026,236
060670032021,1007,264
060670032024,1044,435
060670032041,1658,916
060670036002,870,407
060670037003,1821,1048
060670038003,752,152
060670039002,926,107
060670040051,1141,139
060670040054,1207,233
060670040063,1533,56
060670040082,1502,362
060670040121,939,141
060670040131,1848,541
060670040142,1061,281
060670040153,1493,91
060670040172,1032,220
060670040191,2006,400
060670040202,867,257
060670043022,2074,1193
060670044013,1117,436
060670044022,1889,885
060670045012,2228,1724
060670045023,2804,1218
060670046023,2587,1906
060670046041,1389,753
060670047011,1535,705
060670047022,1405,669
060670048012,1492,725
060670048021,3901,1599
060670049042,2849,979
060670049062,1331,534
060670049081,1170,410
060670049083,2484,1161
060670051021,3137,1319
060670052012,655,426
060670052023,1775,276
060670052043,1218,139
060670052051,1097,588
060670053012,249,0
060670054022,1464,572
060670054041,803,67
060670054044,1939,404
060670054046,551,42
060670055023,3131,2075
060670055053,1949,1293
060670055081,622,226
060670055091,2075,1065
060670055103,2287,1804
060670057023,1407,87
060670058011,511,70
060670058014,1239,22
060670058033,792,38
060670059011,2310,1315
060670059014,903,76
060670059041,595,191
060670059044,2080,905
060670060023,1167,214
060670060025,1277,370
060670060033,1020,466
060670060043,633,29
060670061013,759,215
060670061023,617,179
060670062023,745,488
060670065022,1110,255
060670066002,1103,403
060670066005,1933,1016
060670067033,2561,1482
060670067043,906,142
060670067053,1093,553
060670067062,1641,533
060670068022,919,856
060670069011,1062,545
060670069022,1472,624
060670070012,1195,509
060670070072,950,532
060670070102,2107,627
060670070112,1797,462
060670070115,11,0
060670070211,2172,913
060670070222,1933,1042
060670070233,1543,313
060670070251,1533,257
060670070262,1048,386
060670070272,1306,314
060670070283,629,271
060670071032,1484,161
060670071053,1351,222
060670071062,3835,142
060670071071,2359,205
060670071081,3537,837
060670071092,1569,329
060670071111,2741,737
060670072022,1192,484
060670073013,843,627
060670074023,1109,495
060670074032,2820,1075
060670074133,1107,234
060670074151,1180,450
060670074162,1979,901
060670074221,1332,490
060670074232,2326,1277
060670074242,1415,638
060670074271,1387,119
060670074274,1650,310
060670074282,1376,519
060670074293,1907,1275
060670074303,2615,1167
060670074312,1489,498
060670075014,1432,919
060670075032,1171,491
060670075041,882,122
060670076022,1368,467
060670076031,1219,310
060670076042,1932,426
060670077013,747,258
060670077021,1937,266
060670078011,1763,818
060670078013,878,90
060670078022,1323,241
060670079031,906,330
060670079034,1308,219
060670079042,2398,237
060670079051,1900,264
060670080092,802,110
060670080101,628,42
060670080104,1538,354
060670081113,1138,189
060670081132,1035,136
060670081191,2312,871
060670081194,1061,352
060670081202,1931,591
060670081222,1807,359
060670081241,3113,499
060670081252,867,164
060670081272,2388,390
060670081291,1407,324
060670081302,1761,165
060670081312,409,316
060670081371,1204,346
060670081382,2908,1897
060670081392,1114,443
060670081402,1363,241
060670081413,542,109
060670081421,2523,932
060670081432,1618,199
060670081451,1779,298
060670081454,1464,547
060670081456,1030,160
060670082033,1871,184
060670082061,776,158
060670082071,685,76
060670082074,857,34
060670082082,989,204
060670084042,1634,315
060670085012,1603,309
060670085041,1310,281
060670085051,976,58
060670085062,786,73
060670085072,2409,430
060670085083,3429,549
060670085092,803,31
060670085102,914,27
060670085121,3354,84
060670085132,1415,96
060670086013,1969,45
060670087021,1823,75
060670087032,389,63
060670087041,1419,262
060670088021,974,176
060670088031,430,187
060670089052,1839,661
060670089072,1721,781
060670089081,2496,1099
060670089091,1662,606
060670089102,2173,1095
060670089121,822,151
060670089131,1626,973
060670090041,2385,579
060670090052,276,162
060670090062,2382,1087
060670090072,1260,607
060670090083,2549,1785
060670090103,870,229
060670091083,1274,323
060670091093,813,99
060670091102,939,526
060670091113,1444,281
060670092011,4066,948
060670093071,1728,842
060670093081,1624,331
060670093091,1743,488
060670093102,747,115
060670093104,1522,426
060670093112,2849,709
060670093122,1599,309
060670093141,2563,1224
060670093161,2323,1068
060670093172,950,147
060670093281,1069,190
060670093291,865,176
060670093302,2142,298
060670093313,2359,338
060670093331,2699,424
060670093343,2524,412
060670093353,1446,674
060670093363,2160,191
060670094042,1605,369
060670094044,1600,418
060670094081,1932,403
060670094101,3395,323
060670095011,1302,352
060670095022,2528,660
060670095031,1142,720
060670096103,2445,867
060670096121,1085,389
060670096141,3192,367
060670096161,1808,196
060670096164,1712,578
060670096181,1443,143
060670096221,1507,374
060670096224,2155,67
060670096322,2592,581
060670096324,1293,218
060670096341,2359,1365
060670096351,1916,270
060670096371,1216,394
060670096391,1027,86
060670096401,2857,1910
060670096472,2215,399
060670096482,480,138
060670096493,1720,168
060670096503,1752,154
060670096521,217,0
060670096532,1012,52
060670098002,626,293
060670099003,525,123
060670042013,1866,453
060670042021,1933,787
060670042022,2561,1945
060670042023,1019,299
060670042031,3023,1781
060670042032,2848,1188
060670043011,2503,1034
060670043012,421,21
060670043013,2651,1728
060670043021,2623,1417
060670044011,1021,830
060670044012,1074,674
060670044014,628,274
060670044021,1162,1001
060670044023,1251,832
060670045011,1585,879
060670045021,1047,650
060670045022,1472,1029
060670046021,2382,1955
060670046022,770,524
060670046031,1124,820
060670046032,1551,862
060670046042,2515,1903
060670046043,1149,765
060670047012,2104,1613
060670047021,2168,1456
060670047023,1511,986
060670048011,1317,851
060670048013,2087,1303
060670048014,917,672
060670048022,1773,1251
060670049041,1799,894
060670049043,1434,573
060670049061,1902,1085
060670049071,1801,1642
060670049072,344,203
060670049082,1415,572
060670049091,416,192
060670049092,2122,899
060670049101,1516,503
060670049102,1525,1113
060670049103,1663,442
060670050021,2240,1539
060670050022,1758,1336
060670050023,3051,1719
060670050031,1507,865
060670050032,1007,565
060670050033,1492,435
060670050041,1376,749
060670050042,1356,955
060670050043,1211,179
060670051011,1961,1363
060670051012,2428,1248
060670051022,1384,585
060670052011,1042,834
060670052021,1106,112
060670052022,702,470
060670052041,594,175
060670052042,1167,513
060670052044,732,113
060670052045,685,207
060670052052,1762,737
060670053011,1031,927
060670053013,226,140
060670054021,1115,462
060670054031,1125,250
060670054032,1320,740
060670054042,760,268
060670054043,499,155
060670054045,987,0
060670055021,966,776
060670055022,1646,620
060670055051,2183,762
060670055052,1486,407
060670055061,2157,1593
060670055062,1863,1085
060670055082,1565,935
060670055083,1554,835
060670055101,540,28
060670055102,1569,941
060670055104,1007,696
060670056011,907,282
060670056012,1642,671
060670056013,1277,969
060670056014,2375,1071
060670056051,1693,640
060670056052,2162,1301
060670056061,467,81
060670056062,2077,606
060670056063,962,393
060670056064,932,270
060670057011,1149,176
060670057012,877,33
060670057013,1568,411
060670057021,723,42
060670057022,1183,23
060670057024,606,200
060670057025,784,76
060670058012,1480,500
060670058013,2380,317
060670058031,1833,229
060670058032,1193,85
060670058041,1141,114
060670058042,1179,126
060670059012,1696,259
060670059013,1670,300
060670059031,2362,1306
060670059032,438,72
060670059042,1403,254
060670059043,1118,11
060670060021,693,433
060670060022,1003,587
060670060024,648,127
060670060031,2066,963
060670060032,1915,1019
060670060041,835,266
060670060042,1070,80
060670061011,1828,703
060670061012,2031,1290
060670061021,1793,944
060670061022,1277,777
060670062021,1804,1205
060670062022,1406,591
060670062031,1324,1026
060670062032,2423,1811
060670062041,1144,518
060670062042,2075,1044
060670063001,1611,876
060670063002,1524,838
060670063003,1101,544
060670063004,661,265
060670064001,1028,270
060670064002,992,423
060670064003,595,252
060670064004,1712,1414
060670064005,872,557
060670065011,1407,719
060670065012,641,428
060670065013,2108,1375
060670065021,1430,380
060670066001,1425,865
060670066003,1495,590
060670066004,1323,725
060670067031,1685,970
060670067032,1539,293
060670067041,1000,672
060670067042,1687,626
060670067051,1099,244
060670067052,1448,991
060670067054,1611,890
060670067061,1485,873
060670068011,1262,525
060670068021,1253,937
060670068031,2618,1515
060670068032,754,375
060670069012,666,271
060670069021,537,222
060670069023,1187,1010
060670070011,2641,1310
060670070013,788,511
060670070071,2511,805
060670070073,2203,842
060670070101,855,224
060670070103,899,87
060670070111,1906,234
060670070113,1526,795
060670070114,888,295
060670070116,856,324
060670070121,2176,666
060670070122,1331,325
060670070131,1124,289
060670070132,1856,493
060670070161,1729,667
060670070162,1202,684
060670070163,2381,709
060670070171,1463,261
060670070172,1910,331
060670070191,1027,724
060670070192,963,716
060670070201,1832,318
060670070202,828,114
060670070203,1874,116
060670070212,2092,890
060670070221,1478,247
060670070231,1011,465
060670070232,1344,409
060670070234,789,183
060670070241,2133,1231
060670070252,1617,565
060670070261,2001,174
060670070263,1676,61
060670070271,979,383
060670070281,1662,104
060670070282,1427,210
060670071011,340,27
060670071031,2731,293
060670071051,2442,639
060670071052,2930,812
060670071061,1025,287
060670071063,1814,107
060670071064,604,61
060670071072,869,12
060670071073,877,140
060670071082,1343,47
060670071091,1775,157
060670071101,2580,73
060670071102,2084,121
060670071112,1505,137
060670072021,1768,627
060670072023,1214,266
060670072041,2399,654
060670072042,1407,308
060670072043,1990,611
060670072061,2141,526
060670072062,2132,534
060670072071,1301,485
060670072072,1776,695
060670072073,1522,529
060670072081,756,157
060670072082,2116,515
060670072083,1756,503
060670072091,1392,475
060670072092,2131,409
060670073011,3332,1783
060670073012,865,547
060670074021,2077,913
060670074022,1924,522
060670074024,2302,674
060670074031,2583,1249
060670074131,2804,2035
060670074132,2302,878
060670074141,2560,1064
060670074142,1898,707
060670074152,1840,499
060670074161,1915,1018
060670074171,994,195
060670074172,2243,490
060670074222,1179,629
060670074231,1584,1482
060670074233,2081,1194
060670074241,2644,1610
060670074261,1188,499
060670074262,1308,449
060670074272,1889,213
060670074273,2967,1065
060670074281,1891,439
060670074291,2465,1350
060670074292,1254,132
060670074301,680,273
060670074302,1502,335
060670074304,3517,419
060670074311,1746,341
060670074321,2523,610
060670074322,2606,570
060670074341,1536,798
060670074342,1656,401
060670074343,3086,1491
060670074351,3127,2085
060670074361,2285,522
060670074371,2330,433
060670074372,1314,117
060670074373,3047,748
060670074381,3329,952
060670074391,2830,1056
060670074392,2153,105
060670075011,1533,206
060670075012,1137,322
060670075013,516,64
060670075015,2258,1139
060670075031,1736,418
060670075033,603,464
060670075034,1776,588
060670075042,895,444
060670076021,1170,588
060670076023,1326,284
060670076024,974,180
060670076032,1542,619
060670076041,1904,539
060670077011,1383,1123
060670077012,2144,933
060670077014,1244,384
060670077015,1437,717
060670077022,824,73
060670077023,1588,224
060670078012,1844,450
060670078014,932,211
060670078021,645,183
060670078023,1480,252
060670078024,1020,18
060670079032,682,12
060670079033,660,113
060670079035,1089,328
060670079041,1606,446
060670079043,1251,301
060670079044,630,174
060670079052,2374,346
060670079061,2373,544
060670079062,1058,248
060670080051,773,20
060670080052,2105,316
060670080053,1538,334
060670080061,1189,385
060670080062,1015,85
060670080063,1462,480
060670080064,1196,152
060670080071,1795,171
060670080072,1683,844
060670080081,1189,57
060670080082,1317,191
060670080083,2254,393
060670080091,976,99
060670080093,1410,338
060670080094,1078,295
060670080102,1265,95
060670080103,1971,474
060670081111,2051,178
060670081112,1908,401
060670081114,928,127
060670081131,2612,951
060670081171,1001,102
060670081172,1496,464
060670081192,1766,223
060670081193,708,347
060670081195,755,98
060670081201,2078,596
060670081203,1331,335
060670081221,825,139
060670081223,672,117
060670081242,1744,242
060670081251,2742,223
060670081253,1353,271
060670081271,2185,556
060670081281,1212,379
060670081282,1028,362
060670081292,1508,509
060670081301,1342,428
060670081303,1054,148
060670081311,1231,638
060670081313,1186,259
060670081314,1472,231
060670081315,630,214
060670081321,2122,190
060670081322,1775,327
060670081331,1198,529
060670081332,1104,371
060670081341,1106,180
060670081342,2316,519
060670081343,1752,706
060670081351,1101,231
060670081352,1673,925
060670081353,581,213
060670081354,1411,172
060670081361,1349,275
060670081362,1484,357
060670081372,1136,286
060670081381,907,315
060670081383,1178,108
060670081391,481,123
060670081393,1936,1200
060670081401,1195,240
060670081411,1052,119
060670081412,1574,754
060670081414,1961,1451
060670081415,1864,964
060670081422,943,235
060670081431,2294,870
060670081441,891,368
060670081442,2229,273
060670081452,1110,201
060670081453,962,485
060670081455,1096,179
060670082031,1217,329
060670082032,1826,780
060670082041,2617,402
060670082042,1882,155
060670082062,3320,579
060670082063,2322,575
060670082072,640,62
060670082073,1296,81
060670082075,901,173
060670082081,997,212
060670082083,1299,309
060670082084,1067,364
060670082091,2113,415
060670082092,2487,135
060670082101,3033,83
060670082102,1948,269
060670082103,943,215
060670082111,1680,277
060670082112,889,159
060670084021,1489,221
060670084022,1436,538
060670084023,2813,510
060670084031,1655,537
060670084032,2172,248
060670084033,1787,431
060670084041,487,202
060670084043,2375,909
060670085011,2758,90
060670085013,1156,80
060670085014,1611,38
060670085042,2924,366
060670085043,751,86
060670085052,1098,60
060670085061,784,394
060670085063,1301,333
060670085071,1700,296
060670085081,3048,269
060670085082,1707,80
060670085084,297,0
060670085091,1831,34
060670085093,2208,72
060670085101,1804,22
060670085103,2077,104
060670085122,1410,128
060670085131,2509,153
060670086011,2432,182
060670086012,1002,101
060670086021,999,165
060670086022,526,143
060670087022,1364,58
060670087031,2254,219
060670087033,1029,54
060670087034,1214,229
060670087042,0,0
060670087043,1743,154
060670087061,817,0
060670087062,0,0
060670087071,1359,331
060670087072,0,0
060670087073,338,0
060670087074,931,23
060670087075,2337,194
060670087076,929,101
060670087081,1462,54
060670087082,0,0
060670087083,0,0
060670087084,0,0
060670087085,0,0
060670087086,1139,166
060670088022,504,68
060670088023,1480,333
060670088032,946,24
060670089051,1146,184
060670089053,1760,445
060670089071,973,407
060670089073,2245,1035
060670089074,1115,244
060670089082,1612,419
060670089083,573,255
060670089092,696,345
060670089101,1290,371
060670089111,838,309
060670089112,1765,1149
060670089122,1272,288
060670089123,1149,74
060670089132,958,176
060670089133,1626,433
060670090042,1489,884
060670090051,3094,1378
060670090061,1954,868
060670090063,650,422
060670090071,993,507
060670090081,1670,629
060670090082,1406,301
060670090101,2005,980
060670090102,1838,525
060670090104,1246,207
060670090111,1486,242
060670090112,779,208
060670090113,2590,421
060670091031,1921,380
060670091032,1129,132
060670091051,1064,604
060670091052,830,251
060670091053,554,123
060670091061,1936,347
060670091062,1192,138
060670091063,1068,110
060670091071,1597,778
060670001001,2000,415
060670001002,1143,221
060670001003,801,93
060670002001,728,65
060670002002,713,37
060670002003,1008,113
060670002004,1227,214
060670003001,1051,152
060670003002,1074,70
060670003003,1360,128
060670091072,2623,804
060670091081,1455,363
060670091082,1171,79
060670091091,865,368
060670091092,1765,244
060670091094,1497,237
060670091101,1005,826
060670091111,2018,869
060670091112,2125,642
060670091121,2332,1098
060670091122,1729,433
060670092012,800,265
060670092013,586,261
060670093072,2204,433
060670093073,1557,37
060670093082,3071,458
060670093083,2250,312
060670093092,542,75
060670093101,1873,958
060670093103,1453,260
060670093105,920,370
060670093111,1261,210
060670093113,2159,741
060670093121,635,104
060670093123,2817,1342
060670093124,1704,574
060670093142,2135,680
060670093143,1503,475
060670093162,2408,616
060670093171,2866,677
060670093173,2009,538
060670093181,2071,939
060670093191,2389,785
060670093192,1036,385
060670093193,897,447
060670093201,1497,649
060670093202,1516,597
060670093203,1508,702
060670093211,1012,322
060670093212,2177,634
060670004001,693,118
060670004003,734,152
060670004004,599,93
060670005011,808,478
060670005012,1299,539
060670005022,466,76
060670006001,706,278
060670007001,747,642
060670008002,1253,427
060670011021,632,314
060670011031,145,102
060670011032,308,31
060670012011,387,161
060670012012,1391,461
060670012022,1540,641
060670013001,1201,415
060670013003,916,346
060670014001,455,86
060670014003,1189,460
060670015001,749,85
060670015003,810,0
060670015004,686,0
060670016011,952,26
060670016012,1039,295
060670016021,815,209
060670016022,1909,230
060670017021,1408,294
060670017022,1218,143
060670018001,998,102
060670018002,911,332
060670018004,1642,936
060670018005,1037,285
060670019001,686,263
060670019002,807,245
060670019003,1118,267
060670019004,562,161
060670020001,769,207
060670020002,934,195
060670020003,1001,472
060670021001,1055,412
060670093213,2328,736
060670093231,2980,449
060670093232,2795,645
060670093261,1878,225
060670093262,1323,97
060670093263,1406,130
060670093282,2828,127
060670093283,1540,225
060670093292,1554,925
060670093301,2495,366
060670093311,659,125
060670093312,2650,135
060670093314,1746,542
060670093321,1556,484
060670093341,2160,425
060670093342,1376,149
060670093351,3325,1080
060670093352,1494,460
060670093361,811,103
060670093362,1260,131
060670094031,1921,480
060670094041,1671,199
060670094043,928,146
060670094061,952,266
060670094062,1348,334
060670094091,1536,153
060670094092,2510,390
060670094102,1179,75
060670094103,2229,615
060670095012,1347,533
060670095021,2030,257
060670095023,1559,211
060670095024,1793,708
060670095032,909,138
060670095033,895,459
060670095041,2835,1136
060670096011,717,357
060670096012,1982,533
060670096013,1093,702
060670096014,2627,782
060670021002,648,327
060670021003,579,295
060670022001,1388,706
060670022002,1588,1186
060670022004,974,37
060670023001,415,39
060670023003,1179,52
060670023004,856,17
060670024002,1415,144
060670024004,771,77
060670025001,898,47
060670026001,1052,306
060670026002,632,74
060670027001,654,256
060670027002,913,402
060670027004,1136,213
060670028001,1545,1007
060670028003,1280,660
060670029001,1598,545
060670029003,1017,419
060670029004,1117,219
060670030012,1564,953
060670030021,1299,174
060670030023,736,49
060670031011,1372,605
060670031013,1223,533
060670031014,558,353
060670031022,1082,449
060670031023,918,330
060670032022,973,553
060670032023,1764,1143
060670032031,839,541
060670032032,1966,1191
060670032042,1223,546
060670032043,2075,1494
060670033001,1086,121
060670033002,1680,343
060670033003,1803,282
060670034001,1485,633
060670034002,1206,295
060670096081,1794,687
060670096082,3603,1486
060670096083,2342,625
060670096084,2045,458
060670096091,1985,482
060670096092,1539,819
060670096093,2296,385
060670096101,1594,664
060670096102,3019,1076
060670096111,894,566
060670096112,2987,542
060670096122,2483,535
060670096123,1577,102
060670096142,1895,145
060670096143,1387,461
060670096162,793,272
060670096163,2180,516
060670096171,973,277
060670096172,3034,203
060670096182,2285,727
060670096183,1325,555
060670096222,911,27
060670096223,3223,148
060670096225,455,148
060670096321,1611,64
060670096323,1915,504
060670096331,1862,634
060670096332,1803,983
060670096342,875,639
060670096343,1435,441
060670096352,979,193
060670096353,3059,536
060670096372,2961,289
060670096373,2609,387
060670096392,1427,516
060670096393,1122,521
060670096402,1957,125
060670096411,999,511
060670096412,1408,714
060670096413,915,565
060670034003,1352,178
060670035011,871,143
060670035012,1052,274
060670035013,432,299
060670035021,1388,379
060670035022,902,252
060670035023,385,80
060670036001,1715,826
060670037001,1788,1253
060670037002,678,213
060670038001,2897,1287
060670038002,1555,444
060670038004,493,84
060670039001,918,96
060670039003,1457,321
060670040052,625,85
060670040053,1245,302
060670040061,1637,605
060670040062,1441,400
060670040064,986,33
060670040081,1699,208
060670040111,1389,213
060670040112,1767,171
060670040122,1578,163
060670040123,1301,126
060670040132,2045,767
060670040141,1261,386
060670040151,1407,110
060670040152,835,285
060670040161,1773,307
060670040171,1600,409
060670040181,1728,388
060670040182,1168,287
060670040192,881,194
060670040201,1670,1153
060670041001,2226,893
060670041002,1378,343
060670041003,1479,885
060670042011,1032,431
060670042012,3143,992
060670096421,1528,405
060670096431,1990,0
060670096432,728,21
060670096433,2986,358
060670096434,1022,153
060670096441,1756,146
060670096442,1528,285
060670096451,1995,206
060670096452,1548,470
060670096453,939,46
060670096461,1669,378
060670096462,2379,180
060670096471,2025,268
060670096473,1657,201
060670096481,3182,1146
060670096491,2185,519
060670096492,809,8
060670096501,395,0
060670096502,743,62
060670096511,1166,137
060670096512,4307,545
060670096522,1027,132
060670096531,658,245
060670096533,406,48
060670098001,850,218
060670099001,1318,535
060670099002,1081,317
060670099004,673,343
060679883001,43,0
061010501013,833,415
061010501021,1496,953
061010502011,1714,1084
061010502022,559,223
061010503011,1025,652
061010503022,2152,1195
061010504011,1547,366
061010504014,915,208
061010504023,2901,335
061010505011,1025,207
061010505014,882,617
061010505031,651,107
061010506034,1414,252
061010507011,2640,1259
061010507022,665,184
061010508001,1754,162
061010509002,707,277
061010510002,1330,350
061010511003,969,306
061010501011,1891,815
061010501012,974,687
061010501014,2040,337
061010501015,1113,178
061010501022,1740,1016
061010501023,1229,748
061010502012,1987,1112
061010502021,976,396
061010502023,806,726
061010502024,1167,557
061010503012,1428,462
061010503021,963,416
061010503023,1331,1019
061010503024,1148,482
061010504012,952,202
061010504013,919,580
061010504021,891,41
061010504022,740,174
061010504031,1758,386
061010504032,1298,65
061010505012,535,46
061010505013,2205,1205
061010505015,1965,827
061010505032,1502,331
061010505033,2675,828
061010505034,619,137
061010505035,1356,485
061010505041,1537,611
061010505042,1038,292
061010505043,727,92
061010505044,2224,391
061010505045,2541,993
061010506011,1450,121
061010506012,1599,492
061010506013,1775,741
061010506014,1154,354
061010506031,653,296
061010506032,1272,123
061010506033,1454,183
061010506041,1295,480
061010506042,2789,317
061010507012,1945,831
061010507021,2301,618
061010507023,1927,875
061010507024,1397,849
061010508002,1393,191
061010509001,642,209
061010510001,1235,740
061010511001,826,84
061010511002,526,127
061130101031,1232,408
061130101041,2736,952
061130101044,851,11
061130102012,1255,173
061130102033,1695,1230
061130102042,319,239
061130103101,1216,117
061130103104,1595,363
061130103122,1822,675
061130105054,1445,284
061130105091,1597,812
061130105101,660,29
061130105104,1129,98
061130105121,2366,1419
061130105132,2135,1524
061130106023,1064,694
061130106051,2200,150
061130106072,827,23
061130106081,1504,405
061130106083,917,214
061130106092,1442,95
061130106111,1615,589
061130107013,656,159
061130107032,1410,560
061130107041,2663,1106
061130111012,1621,565
061130111023,1328,710
061130112031,2309,444
061130112042,2397,652
061130112072,1454,100
061130112083,1499,156
061130112101,751,295
061130113011,937,28
061130113021,946,106
061130113031,2042,488
061130114002,1629,707
061130115002,331,31
061130115005,1138,698
061130101021,2132,759
061130101032,2372,1197
061130101033,1311,353
061130101042,469,252
061130101043,2088,812
061130101051,1318,600
061130102011,2156,765
061130102031,877,414
061130102032,2562,1777
061130102034,246,86
061130102041,1412,526
061130102043,2514,933
061130102044,1359,1002
061130103102,2801,381
061130103103,561,0
061130103121,3072,712
061130103123,867,117
061130103131,2214,270
061130103132,2390,171
061130103141,2049,170
061130103151,1146,210
061130104011,1545,156
061130104012,1086,125
061130104013,695,153
061130104014,1314,120
061130104021,1906,212
061130104022,2877,224
061130105011,2508,2183
061130105012,2241,1518
061130105051,299,42
061130105052,976,53
061130105053,2215,411
061130105081,1372,323
061130105082,1226,266
061130105092,1924,500
061130105102,2530,933
061130105103,1685,1493
061130105111,1196,561
061130105112,1915,590
061130105122,1334,341
061130105131,877,94
061130106021,1101,610
061130106022,1117,463
061130106024,1399,1155
061130106025,1285,549
061130106052,1285,312
061130106071,1095,552
061130106073,906,5
061130106074,1429,106
061130106082,2274,1666
061130106084,1633,1214
061130106091,714,169
061130106101,1179,196
061130106102,2642,1304
061130107011,1202,479
061130107012,2101,1129
061130107014,596,291
061130107031,1214,749
061130107033,826,440
061130107034,1548,1002
061130108001,1474,752
061130108002,985,452
061130108003,812,323
061130109011,2806,496
061130109012,1037,451
061130109013,1466,594
061130109021,2099,911
061130109022,2343,847
061130109023,1485,338
061130110011,1808,496
061130110012,2834,1536
061130110013,2097,778
061130110021,1419,203
061130110022,1103,206
061130110023,833,30
061130111011,1448,468
061130111021,1811,471
061130111022,1849,1007
061130111031,2197,440
061130111032,1333,222
061130112032,963,28
061130112041,1759,311
061130112043,1713,202
061130112071,1081,280
061130112081,1545,14
061130112082,3024,425
061130112091,1847,740
061130112092,1434,256
061130112102,2092,217
061130112111,1764,513
061130113012,1208,447
061130113022,0,0
061130113023,2597,75
061130113041,1451,280
061130114001,1523,456
061130114003,1015,254
061130115001,766,361
061130115003,2244,565
061130115004,1644,670
061150401003,1161,556
061150402011,1637,979
061150402013,1522,404
061150405002,1527,648
061150406001,1684,1102
061150406004,547,258
061150407012,1475,415
061150407021,2362,287
061150408001,2178,561
061150409011,1588,334
061150409022,238,23
061150409024,5,5
061150410013,2012,358
061150410023,1135,122
061150411013,957,199
061150401001,784,402
061150401002,878,361
061150401004,968,482
061150401005,649,403
061150402012,1296,347
061150402021,829,363
061150402022,1957,547
061150402023,222,73
061150402024,404,142
061150403011,1585,924
061150403012,2642,1713
061150403021,2184,1782
061150403041,2839,421
061150403042,1320,560
061150403043,2053,407
061150403051,2250,590
061150404001,2254,1221
061150404002,2095,1105
061150404003,1974,1568
061150405001,821,328
061150405003,966,684
061150406002,1254,423
061150406003,1292,519
061150406005,1188,581
061150407011,1366,96
061150407013,2294,388
061150407014,2551,146
061150407022,2475,718
061150407023,626,94
061150408002,570,174
061150408003,1557,206
061150409012,1750,467
061150409021,71,24
061150409023,637,287
061150410011,612,223
061150410012,860,79
061150410021,819,0
061150410022,2038,455
061150411011,841,280
061150411012,953,529
061150411021,1027,253
