GEOID,pop_tot,pop_white_nh,pop_afr_am_nh,pop_asian_nh,pop_hisp,pop_other_nh
060170302012,1288,847,3,67,341,30
060170302022,723,206,0,69,437,11
060170303012,1307,727,0,6,545,29
060170303022,833,645,28,0,76,84
060170304021,816,613,44,0,71,88
060170304024,1226,702,0,0,524,0
060170304041,887,749,0,36,67,35
060170305021,569,449,0,0,55,65
060170305024,524,446,15,0,32,31
060170305043,686,628,1,0,53,4
060170305072,636,541,0,0,38,57
060170306012,1134,987,0,12,36,99
060170306031,1015,879,1,68,67,0
060170306061,2169,1904,0,0,240,25
060170307011,2065,1569,0,80,220,196
060170307061,2057,1347,78,243,168,221
060170307064,1489,1182,38,35,99,135
060170307093,1292,858,0,178,226,30
060170307103,1482,1149,31,216,60,26
060170307113,2749,1795,167,527,60,200
060170308092,1594,1228,6,77,236,47
060170308103,1701,1440,0,70,158,33
060170308122,2406,2182,0,0,224,0
060170309012,1706,1453,0,14,181,58
060170309023,1181,960,23,25,127,46
060170310003,2850,2036,0,149,591,74
060170311002,1120,1032,7,11,43,27
060170311003,1813,1529,6,15,238,25
060170312002,1037,917,13,22,44,41
060170313011,797,703,0,57,28,9
060170313021,463,461,0,0,2,0
060170313024,1140,927,27,0,159,27
060170314051,1704,1520,7,3,119,55
060170314062,1953,1684,0,96,38,135
060170314065,867,821,0,0,28,18
060170315053,544,451,4,15,42,32
060170316011,630,245,0,0,385,0
060170316021,1197,467,3,557,114,56
060170318001,1359,1085,23,135,55,61
060170318004,1004,715,0,157,39,93
060170320021,142,72,0,1,69,0
060170316012,521,102,0,118,275,26
060170316013,368,219,0,0,149,0
060170316022,905,571,1,0,333,0
060170317001,3377,2150,27,662,157,381
060170318002,2376,1471,63,515,161,166
060170318003,1951,1086,0,405,178,282
060170319001,86,79,0,4,3,0
060170320011,755,646,0,12,0,97
060170320022,126,100,11,0,15,0
060179900000,0,0,0,0,0,0
060170302011,774,448,0,0,277,49
060170302013,917,301,0,48,528,40
060170302021,1044,548,0,78,418,0
060170302023,459,223,0,0,236,0
060170303011,944,416,39,20,469,0
060170303013,766,604,0,38,85,39
060170303021,537,395,8,63,71,0
060170303023,670,613,0,0,57,0
060170303024,644,471,0,0,173,0
060170304022,951,544,11,131,265,0
060170304023,549,336,0,52,25,136
060170304025,777,571,0,0,166,40
060170304031,491,439,0,52,0,0
060170304032,325,325,0,0,0,0
060170304033,553,521,0,32,0,0
060170304042,711,598,0,0,88,25
060170304043,646,381,21,24,178,42
060170305022,433,279,0,0,154,0
060170305023,1170,981,3,29,114,43
060170305041,1542,1288,0,7,93,154
060170305042,446,343,0,67,29,7
060170305061,969,905,0,0,32,32
060170305071,394,361,0,0,22,11
060170305073,402,279,9,0,114,0
060170306011,726,613,7,0,23,83
060170306013,1856,1838,0,0,18,0
060170306014,1304,1106,0,0,122,76
060170306032,1130,892,34,6,155,43
060170306033,1754,1567,13,105,45,24
060170306034,99,66,0,0,1,32
060170306041,886,585,0,0,299,2
060170306051,1423,1223,0,25,160,15
060170306052,758,733,0,0,25,0
060170306062,1219,1022,28,8,113,48
060170306063,1293,1076,0,0,217,0
060170307012,2604,2077,0,328,156,43
060170307013,1112,1002,0,0,53,57
060170307062,717,610,16,12,51,28
060170307063,1632,1037,0,174,368,53
060170307091,1457,1210,23,78,123,23
060170307092,2145,1816,8,143,56,122
060170307101,2695,1902,20,167,355,251
060170307102,1451,963,23,220,97,148
060170307111,1489,1259,0,128,15,87
060170307112,2083,1691,18,20,343,11
060170307121,680,673,0,0,7,0
060170307122,1098,700,164,15,39,180
060170307123,2675,1493,0,652,137,393
060170308011,3071,2392,11,128,367,173
060170308012,1743,1026,3,27,483,204
060170308041,1681,1174,20,86,401,0
060170308042,750,750,0,0,0,0
060170308043,2864,2335,10,20,448,51
060170308044,1568,1306,19,26,203,14
060170308071,1779,1530,28,74,111,36
060170308072,1798,1436,12,96,196,58
060170308081,1727,925,1,0,722,79
060170308082,1279,1053,21,115,52,38
060170308083,1402,1186,25,28,121,42
060170308084,1408,1308,9,29,27,35
060170308091,1039,858,15,12,123,31
060170308101,1187,607,10,0,570,0
060170308102,884,627,33,37,153,34
060170308111,1733,1242,0,156,312,23
060170308121,1785,1454,0,68,168,95
060170308123,1903,1424,0,35,330,114
060170309011,1990,1767,0,16,68,139
060170309021,2099,1643,2,0,321,133
060170309022,1406,1318,0,13,42,33
060170310001,675,471,0,0,147,57
060170310002,1466,1329,0,30,91,16
060170310004,899,857,0,0,23,19
060170311001,1728,1234,0,0,464,30
060170311004,1106,772,0,0,301,33
060170312001,1784,1592,0,12,180,0
060170312003,1750,1226,25,26,421,52
060170312004,707,529,44,19,105,10
060170313012,1135,969,0,17,81,68
060170313013,1614,1375,1,1,156,81
060170313022,2110,2010,0,43,57,0
060170313023,766,553,10,0,203,0
060170314041,1528,1327,31,3,117,50
060170314042,674,634,5,5,2,28
060170314052,623,506,0,25,71,21
060170314061,629,582,0,2,6,39
060170314063,796,746,0,0,22,28
060170314064,1127,936,0,11,159,21
060170314071,2050,1834,0,0,87,129
060170314081,749,602,0,0,130,17
060170314082,1147,676,0,92,368,11
060170314091,791,575,7,0,44,165
060170314092,1054,1034,0,0,1,19
060170314093,752,635,0,0,56,61
060170315031,746,735,0,3,8,0
060170315032,1564,1321,0,100,112,31
060170315041,1519,1088,0,74,315,42
060170315042,904,892,0,12,0,0
060170315043,1316,870,25,0,365,56
060170315044,2869,1544,0,130,1063,132
060170315051,934,880,0,0,0,54
060170315052,1138,1094,0,0,44,0
060170315061,1717,1564,0,63,78,12
060170315062,862,667,0,10,100,85
060610201042,348,270,55,0,23,0
060610201052,1064,825,12,68,39,120
060610201062,600,542,0,23,0,35
060610201073,417,169,0,0,248,0
060610202003,318,318,0,0,0,0
060610203002,1954,1499,0,3,303,149
060610204012,632,363,8,11,234,16
060610205011,831,530,0,94,188,19
060610205021,2243,2019,7,42,137,38
060610206011,1320,1069,5,74,144,28
060610206014,1514,1246,21,167,80,0
060610206043,485,327,2,125,5,26
060610206051,1583,1145,0,259,162,17
060610207113,720,419,19,42,135,105
060610207123,1198,1079,0,54,65,0
060610207141,1845,1293,27,179,282,64
060610207151,1391,1133,0,124,134,0
060610207172,3694,1931,163,818,647,135
060610208053,1216,668,70,197,268,13
060610209011,984,422,0,0,534,28
060610209082,1652,952,0,193,267,240
060610210031,1276,1104,19,0,153,0
060610210034,1272,768,106,11,188,199
060610210341,2380,1605,0,443,292,40
060610210371,2301,1534,4,449,204,110
060610210383,1358,731,75,219,183,150
060610210392,607,574,0,26,0,7
060610210402,1459,1296,24,78,15,46
060610210432,2113,1687,0,194,109,123
060610211034,1256,913,8,0,77,258
060610211081,278,271,0,0,7,0
060610211092,2020,1358,136,132,273,121
060610211221,2154,1640,31,214,142,127
060610211232,1618,1248,90,76,144,60
060610211281,1282,928,37,54,150,113
060610211292,1200,726,0,131,315,28
060610211311,1588,1454,13,15,64,42
060610212031,3110,2332,24,54,428,272
060610212041,1866,1485,0,12,325,44
060610213042,735,656,1,0,77,1
060610213231,2946,1692,11,348,608,287
060610213234,4857,2039,137,1471,672,538
060610213243,1725,1412,60,116,89,48
060610213252,2752,792,114,1292,374,180
060610213262,1571,1076,0,351,71,73
060610214035,1592,1182,0,0,392,18
060610215013,1583,1134,0,0,351,98
060610215022,1492,1062,0,131,230,69
060610216033,1049,949,0,5,32,63
060610218011,1555,1193,0,35,269,58
060610218014,891,882,3,0,6,0
060610218022,982,821,2,6,146,7
060610218025,1683,1546,0,0,93,44
060610219021,1715,1563,0,6,72,74
060610220021,922,773,0,0,22,127
060610220024,1979,1141,0,12,640,186
060610220131,951,888,5,35,10,13
060610220141,384,362,0,0,22,0
060610221001,722,640,0,39,0,43
060610222002,738,676,0,3,40,19
060610231001,1798,1269,0,140,244,145
060610231003,3646,2444,13,778,315,96
060610233001,2332,1493,99,140,408,192
060610234002,3071,2430,17,167,355,102
060610235012,619,512,0,81,15,11
060610235023,89,0,0,0,14,75
060610236002,1559,1329,0,102,128,0
060610237002,1445,1375,0,53,17,0
060610239001,1429,813,5,48,482,81
060619900000,0,0,0,0,0,0
060610213282,1978,903,25,810,152,88
060610211031,1236,779,0,131,156,170
060610211032,639,395,0,0,182,62
060610211033,1095,751,32,0,285,27
060610211061,860,651,16,33,69,91
060610211062,1543,1185,2,105,221,30
060610211082,2704,1838,32,92,590,152
060610211091,3090,2252,60,299,367,112
060610211093,1274,803,0,378,48,45
060610211222,1568,1287,11,64,108,98
060610211231,2499,2002,32,153,150,162
060610211233,1102,950,37,11,104,0
060610211234,1827,1610,0,44,71,102
060610211282,1924,1291,34,122,336,141
060610211291,2196,1720,112,67,235,62
060610211301,709,495,0,55,136,23
060610211302,1537,796,0,428,170,143
060610211312,1918,1135,16,77,448,242
060610211313,1467,979,6,225,238,19
060610212032,2041,1578,86,94,210,73
060610212033,2483,2028,0,19,311,125
060610212042,715,559,0,7,75,74
060610213041,1433,1284,0,15,134,0
060610213043,1447,1275,100,0,53,19
060610213044,1971,1604,0,223,144,0
060610213232,1179,985,0,0,194,0
060610213233,458,279,13,0,151,15
060610213241,1468,1062,0,280,77,49
060610213242,2721,1863,35,416,404,3
060610213251,2045,1828,37,0,180,0
060610213253,3065,1491,0,926,566,82
060610213261,648,390,144,18,58,38
060610213271,742,500,15,51,169,7
060610213272,2108,1187,14,598,234,75
060610213273,417,270,0,68,79,0
060610213274,802,435,0,69,60,238
060610213281,818,722,0,0,61,35
060610213283,3157,1721,27,640,769,0
060610213284,1380,469,0,598,262,51
060610213285,195,195,0,0,0,0
060610214011,1336,830,0,15,390,101
060610214012,1953,1109,101,0,704,39
060610214031,1088,196,0,0,696,196
060610214032,1194,574,0,0,620,0
060610214033,1003,413,0,21,465,104
060610214034,988,536,20,115,215,102
060610215011,507,471,0,28,8,0
060610215012,1061,839,0,41,172,9
060610215014,2342,1863,43,163,180,93
060610215021,2852,2096,30,111,284,331
060610216031,1886,1613,5,57,149,62
060610216032,1850,724,0,51,1046,29
060610216041,1582,1332,18,7,125,100
060610216042,2287,1993,2,57,235,0
060610218012,2095,1984,0,11,81,19
060610218013,464,435,0,0,29,0
060610218021,1015,863,12,44,36,60
060610218023,977,818,11,4,120,24
060610218024,1605,800,31,12,718,44
060610219011,1667,1143,46,0,290,188
060610219012,1806,1724,0,13,23,46
060610219022,2642,2267,0,41,268,66
060610219023,686,514,39,0,52,81
060610220022,2411,2088,55,24,235,9
060610220023,1453,1087,65,0,220,81
060610220111,411,324,0,21,66,0
060610220112,1199,1139,0,8,18,34
060610220132,1079,1010,0,28,29,12
060610220133,1127,1016,0,0,87,24
060610220142,655,582,0,0,52,21
060610220143,330,307,0,0,23,0
060610221002,93,93,0,0,0,0
060610222001,130,110,0,0,20,0
060610223001,123,123,0,0,0,0
060610223002,333,311,0,22,0,0
060610224001,2102,1427,48,283,227,117
060610224002,2488,1524,74,226,394,270
060610225001,2279,1337,30,501,295,116
060610225002,2530,1190,219,625,283,213
060610226001,2821,1996,127,114,391,193
060610226002,0,0,0,0,0,0
060610226003,2154,1283,58,261,274,278
060610228001,2248,1370,4,283,466,125
060610228002,2601,1421,137,682,316,45
060610229001,1799,1113,28,114,413,131
060610229002,1805,985,55,297,374,94
060610229003,1846,1028,0,526,204,88
060610230001,2000,1493,109,197,144,57
060610230002,1778,940,0,318,366,154
060610231002,2927,1683,235,654,177,178
060610232001,3273,2240,27,460,430,116
060610232002,2684,1668,65,247,651,53
060610233002,3921,2450,47,667,423,334
060610234001,871,458,6,140,267,0
060610234003,1857,1381,0,22,363,91
060610235011,385,233,0,152,0,0
060610235021,1600,1079,70,91,346,14
060610235022,1724,1280,0,94,158,192
060610235024,1856,1176,0,263,380,37
060610236001,1879,1731,0,40,108,0
060610236003,865,683,12,39,131,0
060610237001,1884,1715,38,64,67,0
060610238001,1481,1218,65,77,97,24
060610238002,1611,1357,0,67,162,25
060610239002,1834,1387,24,13,337,73
060610201041,356,317,0,23,0,16
060610201043,257,257,0,0,0,0
060610201051,387,299,0,0,65,23
060610201061,788,518,0,0,256,14
060610201071,1250,913,0,0,337,0
060610201072,1004,568,0,24,412,0
060610202001,2552,2116,0,47,371,18
060610202002,3455,3063,0,32,342,18
060610202004,323,258,0,0,65,0
060610203001,1500,1363,0,0,44,93
060610203003,985,868,0,17,10,90
060610204011,1625,1258,17,34,265,51
060610204021,1839,1670,0,0,126,43
060610204022,1870,1596,18,22,187,47
060610205012,809,612,0,57,63,77
060610205013,1394,1216,0,17,62,99
060610205022,536,441,0,16,33,46
060610205023,1883,1470,33,0,260,120
060610206012,2729,2336,0,73,129,191
060610206013,1641,1372,0,66,116,87
060610206041,857,701,0,0,143,13
060610206042,2881,1935,398,82,313,153
060610206044,2046,1827,18,0,112,89
060610206052,3113,1896,219,70,794,134
060610206053,1676,1372,0,160,86,58
060610206061,1942,1259,16,487,95,85
060610206062,1108,735,23,46,269,35
060610206063,1255,816,14,205,108,112
060610206071,3675,3235,0,156,185,99
060610206072,1670,1424,0,41,187,18
060610206081,2369,1656,99,3,373,238
060610206082,745,631,0,114,0,0
060610206083,1158,898,0,15,57,188
060610207101,1593,1231,0,236,111,15
060610207102,1226,969,46,41,121,49
060610207103,2079,1713,0,10,192,164
060610207111,1885,1342,0,65,259,219
060610207112,1845,1541,8,44,201,51
060610207121,1354,805,24,142,345,38
060610207122,825,779,0,11,24,11
060610207131,1630,1093,63,79,349,46
060610207132,1266,982,62,17,172,33
060610207142,1977,1753,0,56,135,33
060610207152,1487,865,2,95,483,42
060610207171,1246,675,33,265,216,57
060610208051,1601,1041,14,139,294,113
060610208052,1010,615,49,0,257,89
060610208061,2225,1656,86,43,352,88
060610208062,1529,972,9,37,511,0
060610209012,1379,649,9,26,671,24
060610209081,1942,870,28,162,707,175
060610209083,2545,1011,0,93,1368,73
060610209084,1259,682,0,92,441,44
060610210032,1093,1040,0,0,41,12
060610210033,1073,622,50,0,283,118
060610210035,1879,1673,6,6,171,23
060610210036,326,258,0,0,68,0
060610210342,1412,1106,5,107,87,107
060610210343,533,480,0,30,10,13
060610210381,1385,1157,0,63,165,0
060610210382,2035,1394,0,265,222,154
060610210384,2776,2373,34,29,272,68
060610210391,922,820,36,21,26,19
060610210401,1011,873,0,57,50,31
060610210403,777,705,0,24,48,0
060610210431,1688,1221,0,127,301,39
060610210441,1522,1011,0,226,222,63
060610210442,1986,1547,54,78,213,94
060610210443,2050,1494,29,148,370,9
060610210451,1850,1268,38,109,373,62
060610210452,1197,1007,12,0,149,29
060610210461,926,557,42,0,327,0
060610210462,2089,1459,88,123,296,123
060610210463,2151,1524,63,147,193,224
060610210471,1969,1535,0,80,279,75
060610210472,2349,1464,32,318,368,167
060610210481,1212,735,21,149,282,25
060610210482,2256,1066,17,368,727,78
060670004002,689,507,0,0,182,0
060670004005,1164,633,141,73,233,84
060670005021,879,615,36,54,136,38
060670006002,549,309,32,5,190,13
060670008001,629,354,50,11,178,36
060670011022,708,532,64,58,46,8
060670011033,754,314,204,38,179,19
060670012021,529,327,40,44,118,0
060670013002,1042,727,18,40,180,77
060670014002,750,511,79,40,68,52
060670015002,876,676,16,17,117,50
060670015005,1437,1324,31,47,3,32
060670016013,969,554,0,15,326,74
060670017011,1829,801,56,352,501,119
060670017023,974,734,6,176,49,9
060670018003,500,231,20,123,116,10
060670022003,841,339,105,162,117,118
060670023002,909,631,0,2,231,45
060670024001,2019,1037,45,95,796,46
060670024003,725,495,95,56,30,49
060670025002,898,732,36,35,70,25
060670026003,761,605,0,58,78,20
060670027003,752,150,140,106,325,31
060670028002,897,124,336,8,371,58
060670029002,1052,742,0,0,197,113
060670030011,1506,214,232,9,914,137
060670030022,1670,1010,100,60,487,13
060670031012,437,158,16,0,231,32
060670031021,1026,474,45,111,367,29
060670032021,1007,398,26,33,528,22
060670032024,1044,203,0,228,563,50
060670032041,1658,317,152,626,476,87
060670036002,870,174,54,116,525,1
060670037003,1846,128,381,349,852,136
060670038003,752,93,348,154,134,23
060670039002,926,397,67,205,232,25
060670040051,1141,433,198,309,112,89
060670040054,1212,352,198,297,296,69
060670040063,1533,443,2,976,110,2
060670040082,1502,748,82,246,346,80
060670040121,939,371,26,334,129,79
060670040131,1848,507,98,472,531,240
060670040142,1061,229,305,289,192,46
060670040153,1493,699,277,191,313,13
060670040172,1032,257,93,347,190,145
060670040191,2006,557,262,521,278,388
060670040202,867,293,107,189,128,150
060670043022,2074,146,211,1298,325,94
060670044013,1117,255,245,12,564,41
060670044022,1889,250,253,606,639,141
060670045012,2228,73,173,803,1095,84
060670045023,2804,380,571,624,895,334
060670046023,2623,429,76,174,1307,637
060670046041,1432,289,288,24,371,460
060670047011,1535,244,184,34,845,228
060670047022,1405,421,304,374,270,36
060670048012,1512,47,70,1148,183,64
060670048021,3962,366,344,1606,1217,429
060670049042,2849,647,197,534,1312,159
060670049062,1331,255,256,106,579,135
060670049081,1170,85,278,402,273,132
060670049083,2484,307,517,459,794,407
060670051021,3142,336,380,953,1166,307
060670052012,2714,924,436,289,853,212
060670052023,1775,1041,12,145,546,31
060670052043,1218,939,14,68,102,95
060670052051,1151,687,69,8,344,43
060670053012,249,170,15,46,12,6
060670054022,1506,599,117,290,445,55
060670054041,803,553,0,79,28,143
060670054044,1939,1605,20,47,185,82
060670054046,551,277,0,19,255,0
060670055023,3180,849,577,250,1445,59
060670055053,1949,577,70,278,893,131
060670055081,622,333,30,55,120,84
060670055091,2075,703,512,299,496,65
060670055103,2328,456,534,262,970,106
060670057023,1407,1159,32,75,65,76
060670058011,511,286,0,55,104,66
060670058014,1239,905,0,98,236,0
060670058033,792,741,0,10,33,8
060670059011,2521,1677,287,194,317,46
060670059014,922,784,0,91,37,10
060670059041,595,385,27,85,98,0
060670059044,2087,1273,267,16,488,43
060670060023,1167,1140,0,15,0,12
060670060025,1277,653,215,49,202,158
060670060033,1033,718,70,31,92,122
060670060043,633,476,36,0,49,72
060670061013,759,371,0,339,27,22
060670061023,617,424,9,104,66,14
060670062023,745,107,157,0,450,31
060670065022,1131,367,90,449,225,0
060670066002,1115,216,15,271,435,178
060670066005,1933,637,167,181,779,169
060670067033,2561,298,366,236,1294,367
060670067043,906,377,175,188,166,0
060670067053,1098,173,208,152,543,22
060670067062,1641,115,116,435,855,120
060670068022,919,430,327,38,116,8
060670069011,1062,497,29,12,524,0
060670069022,1476,638,286,26,526,0
060670070012,1195,151,0,157,887,0
060670070072,950,378,182,39,252,99
060670070102,2107,664,324,416,264,439
060670070112,1811,685,205,232,609,80
060670070115,11,11,0,0,0,0
060670070211,2172,588,450,312,662,160
060670070222,2001,318,386,310,846,141
060670070233,1543,335,131,46,848,183
060670070251,1533,742,208,130,302,151
060670070262,1048,419,77,229,309,14
060670070272,1306,270,170,801,0,65
060670070283,629,194,54,161,169,51
060670071032,1500,446,449,201,272,132
060670071053,1351,596,328,129,180,118
060670071062,3835,1291,356,1264,482,442
060670071071,2366,863,168,1039,107,189
060670071081,3537,602,351,1917,498,169
060670071092,1569,1125,229,116,38,61
060670071111,2741,956,182,1008,401,194
060670072022,1192,927,8,93,147,17
060670073013,843,359,179,91,164,50
060670074023,1133,506,115,83,422,7
060670074032,2826,1267,493,39,598,429
060670074133,1112,446,32,1,624,9
060670074151,1235,732,187,72,233,11
060670074162,2061,926,287,117,495,236
060670074221,1332,834,35,46,367,50
060670074232,2687,890,463,751,444,139
060670074242,1415,699,299,66,243,108
060670074271,1463,847,216,223,121,56
060670074274,1650,547,217,50,824,12
060670074282,1376,803,18,69,287,199
060670074293,1907,720,431,156,511,89
060670074303,2615,1861,113,193,437,11
060670074312,1489,676,160,195,371,87
060670075014,1488,995,159,24,271,39
060670075032,1177,724,20,61,264,108
060670075041,903,532,36,11,274,50
060670076022,1368,932,147,0,124,165
060670076031,1219,769,85,30,135,200
060670076042,1961,966,85,414,434,62
060670077013,747,509,89,53,32,64
060670077021,1937,1211,10,53,581,82
060670078011,1763,1036,129,189,381,28
060670078013,911,716,39,77,70,9
060670078022,1323,1133,8,18,152,12
060670079031,906,681,0,28,139,58
060670079034,1308,1079,27,22,123,57
060670079042,2398,1720,24,0,341,313
060670079051,1900,1500,9,86,295,10
060670080092,802,597,41,44,79,41
060670080101,648,439,4,124,81,0
060670080104,1616,1133,17,39,312,115
060670081113,1138,908,0,0,199,31
060670081132,1035,779,36,14,145,61
060670081191,2312,1245,244,80,529,214
060670081194,1061,756,0,26,172,107
060670081202,1938,1003,108,96,562,169
060670081222,1817,1230,81,68,236,202
060670081241,3122,2600,15,123,330,54
060670081252,867,724,31,0,103,9
060670081272,2409,1713,0,9,566,121
060670081291,1430,1103,22,10,273,22
060670081302,1761,813,32,158,663,95
060670081312,409,119,50,0,45,195
060670081371,1208,1060,116,12,10,10
060670081382,2908,1034,154,46,1594,80
060670081392,1114,702,139,48,90,135
060670081402,1363,1009,119,30,69,136
060670081413,542,359,5,30,148,0
060670081421,2540,1534,11,62,873,60
060670081432,1618,1159,6,17,411,25
060670081451,1779,1537,0,0,225,17
060670081454,1476,1150,57,29,185,55
060670081456,1030,522,94,43,158,213
060670082033,1900,1589,24,10,217,60
060670082061,776,527,0,34,146,69
060670082071,685,650,0,0,9,26
060670082074,857,778,10,30,29,10
060670082082,999,656,3,39,255,46
060670084042,1634,1441,0,32,146,15
060670085012,1603,1285,0,43,275,0
060670085041,1372,734,120,93,330,95
060670085051,976,681,0,152,54,89
060670085062,786,220,42,399,104,21
060670085072,2409,1057,183,657,269,243
060670085083,3429,1513,16,1389,287,224
060670085092,803,632,0,0,94,77
060670085102,914,491,0,190,166,67
060670085121,3354,1987,0,1104,202,61
060670085132,1415,1030,0,307,46,32
060670086013,1969,1319,111,76,454,9
060670087021,1823,1402,0,291,76,54
060670087032,389,282,0,48,59,0
060670087041,1419,622,229,256,198,114
060670088021,974,554,160,110,98,52
060670088031,430,264,31,0,49,86
060670089052,1891,1283,54,251,170,133
060670089072,1721,1179,117,104,206,115
060670089081,2502,1114,315,182,714,177
060670089091,1662,778,31,506,239,108
060670089102,2173,1268,122,8,643,132
060670089121,822,538,33,106,90,55
060670089131,1626,1589,0,13,12,12
060670090041,2484,883,462,381,505,253
060670090052,276,140,11,102,12,11
060670090062,2391,1122,465,240,427,137
060670090072,1288,369,307,180,298,134
060670090083,2549,863,446,41,1134,65
060670090103,870,417,98,209,64,82
060670091083,1274,576,144,280,243,31
060670091093,813,512,39,125,111,26
060670091102,948,280,232,37,313,86
060670091113,1444,713,113,483,71,64
060670092011,4148,948,386,1748,773,293
060670093071,1728,922,132,133,432,109
060670093081,1624,498,86,124,831,85
060670093091,1749,1128,63,138,275,145
060670093102,747,478,0,13,203,53
060670093104,1522,561,0,440,284,237
060670093112,2858,871,290,751,704,242
060670093122,1599,252,32,1035,120,160
060670093141,2573,648,118,947,745,115
060670093161,2323,251,258,578,956,280
060670093172,950,353,14,310,216,57
060670093281,1069,330,35,151,179,374
060670093291,865,210,39,466,74,76
060670093302,2163,820,70,687,274,312
060670093313,2369,1066,117,591,289,306
060670093331,2704,748,415,792,544,205
060670093343,2524,580,419,721,128,676
060670093353,1446,429,235,532,192,58
060670093363,2160,1036,131,364,403,226
060670094042,1605,1137,60,86,322,0
060670094044,1607,823,39,216,529,0
060670094081,1932,916,13,237,649,117
060670094101,3395,1620,14,133,1569,59
060670095011,1302,446,8,37,741,70
060670095022,2548,1567,36,0,880,65
060670095031,1142,366,2,0,774,0
060670096103,2497,416,338,792,376,575
060670096121,1129,479,119,184,265,82
060670096141,3192,892,425,966,449,460
060670096161,1808,1075,120,68,306,239
060670096164,1734,639,238,404,398,55
060670096181,1443,214,157,367,558,147
060670096221,1507,573,108,437,205,184
060670096224,2155,1043,189,455,244,224
060670096322,2592,484,428,1190,441,49
060670096324,1293,135,13,881,173,91
060670096341,2384,150,809,652,600,173
060670096351,1916,424,228,901,266,97
060670096371,1216,183,383,382,177,91
060670096391,1055,331,157,454,95,18
060670096401,2857,248,1127,156,462,864
060670096472,2215,431,349,444,969,22
060670096482,480,75,5,320,80,0
060670096493,1720,479,43,669,455,74
060670096503,1752,48,410,960,113,221
060670096521,217,0,0,217,0,0
060670096532,1012,290,40,375,137,170
060670098002,626,528,0,14,40,44
060670099003,525,171,0,70,284,0
060670042013,1876,408,515,412,469,72
060670042021,1981,240,415,537,705,84
060670042022,2582,198,738,331,1212,103
060670042023,1127,250,250,303,223,101
060670042031,3034,183,448,744,1161,498
060670042032,2865,479,485,454,1122,325
060670043011,2585,394,344,1142,240,465
060670043012,421,33,228,127,33,0
060670043013,2651,197,1235,395,658,166
060670043021,2623,206,299,925,744,449
060670044011,1021,167,231,321,302,0
060670044012,1074,197,273,240,360,4
060670044014,628,108,64,40,329,87
060670044021,1173,87,327,131,602,26
060670044023,1251,282,87,254,564,64
060670045011,1585,230,123,291,883,58
060670045021,1047,88,85,158,692,24
060670045022,1485,77,229,99,940,140
060670046021,2382,473,226,355,1230,98
060670046022,770,242,28,4,403,93
060670046031,1124,89,65,163,807,0
060670046032,1551,343,118,667,382,41
060670046042,2543,131,170,926,1019,297
060670046043,1149,164,22,368,595,0
060670047012,2124,138,147,819,606,414
060670047021,2168,252,141,508,1175,92
060670047023,1511,202,423,293,513,80
060670048011,1324,337,156,428,285,118
060670048013,2087,288,10,1495,253,41
060670048014,917,14,58,555,290,0
060670048022,1773,275,358,405,580,155
060670049041,1799,497,391,129,673,109
060670049043,1434,216,133,496,535,54
060670049061,1902,217,642,335,561,147
060670049071,1801,814,138,332,272,245
060670049072,344,0,169,0,0,175
060670049082,1477,262,134,313,569,199
060670049091,416,60,200,92,50,14
060670049092,2122,321,967,284,494,56
060670049101,1516,636,203,223,327,127
060670049102,1525,52,18,256,913,286
060670049103,1663,117,346,841,314,45
060670050021,2240,234,629,204,1109,64
060670050022,1758,206,79,596,734,143
060670050023,3051,374,408,715,1233,321
060670050031,1507,389,245,631,202,40
060670050032,1007,78,29,465,435,0
060670050033,1492,409,85,519,396,83
060670050041,1376,89,0,655,623,9
060670050042,1356,35,561,699,38,23
060670050043,1211,152,51,83,899,26
060670051011,1961,280,168,627,434,452
060670051012,2433,294,168,890,655,426
060670051022,1384,796,5,257,269,57
060670052011,1042,175,176,134,549,8
060670052021,1106,650,111,100,75,170
060670052022,702,151,43,100,319,89
060670052041,594,386,0,65,143,0
060670052042,1167,473,92,96,283,223
060670052044,732,483,47,55,132,15
060670052045,685,373,172,32,78,30
060670052052,1762,511,113,284,814,40
060670053011,1091,330,376,42,269,74
060670053013,226,51,103,3,60,9
060670054021,1115,672,20,88,249,86
060670054031,1125,871,22,84,133,15
060670054032,1320,589,49,230,444,8
060670054042,760,623,19,20,64,34
060670054043,499,276,50,36,101,36
060670054045,987,869,0,73,0,45
060670055021,966,224,44,30,544,124
060670055022,1646,587,291,174,579,15
060670055051,2219,869,135,5,1174,36
060670055052,1486,751,390,181,114,50
060670055061,2157,374,294,96,1359,34
060670055062,1863,726,277,253,547,60
060670055082,1565,652,267,386,212,48
060670055083,1664,685,184,299,410,86
060670055101,540,230,78,178,54,0
060670055102,1592,648,110,81,427,326
060670055104,1007,655,156,45,68,83
060670056011,1041,510,20,168,185,158
060670056012,1642,686,139,477,214,126
060670056013,1277,459,298,276,29,215
060670056014,2505,1085,459,286,108,567
060670056051,1693,702,228,248,328,187
060670056052,2162,622,171,633,660,76
060670056061,467,388,0,53,26,0
060670056062,2089,1152,131,335,303,168
060670056063,962,435,0,21,506,0
060670056064,932,616,2,113,182,19
060670057011,1149,838,82,86,57,86
060670057012,877,627,68,20,38,124
060670057013,1568,1217,115,30,154,52
060670057021,723,594,11,26,80,12
060670057022,1183,911,0,94,165,13
060670057024,606,501,0,10,95,0
060670057025,784,716,0,13,22,33
060670058012,1480,896,225,64,195,100
060670058013,2380,1770,64,24,453,69
060670058031,1833,1374,10,49,241,159
060670058032,1193,741,0,376,67,9
060670058041,1141,839,0,109,113,80
060670058042,1185,853,0,176,67,89
060670059012,1696,1451,0,158,60,27
060670059013,1675,1172,44,194,172,93
060670059031,2362,1023,571,227,163,378
060670059032,438,330,9,11,76,12
060670059042,1403,669,0,734,0,0
060670059043,1118,1040,0,12,13,53
060670060021,693,595,21,27,17,33
060670060022,1013,421,101,224,207,60
060670060024,648,433,49,0,156,10
060670060031,2066,805,273,165,633,190
060670060032,1915,994,109,141,320,351
060670060041,835,634,23,2,167,9
060670060042,1070,821,5,90,133,21
060670061011,1828,980,144,117,450,137
060670061012,2045,1255,133,298,295,64
060670061021,1793,717,249,270,449,108
060670061022,1278,539,112,287,302,38
060670062021,1804,760,212,1,769,62
060670062022,1406,426,275,100,507,98
060670062031,1324,313,46,360,374,231
060670062032,2423,579,298,829,684,33
060670062041,1144,785,81,38,165,75
060670062042,2075,485,187,478,559,366
060670063001,1611,523,98,153,695,142
060670063002,1538,516,289,102,562,69
060670063003,1112,603,134,16,335,24
060670063004,661,61,82,39,456,23
060670064001,1028,416,21,92,401,98
060670064002,992,421,65,6,425,75
060670064003,595,292,0,0,295,8
060670064004,1712,210,129,54,1214,105
060670064005,881,192,104,69,404,112
060670065011,1427,73,253,360,582,159
060670065012,641,17,333,88,196,7
060670065013,2108,254,536,214,625,479
060670065021,1430,402,45,394,248,341
060670066001,1425,517,291,184,306,127
060670066003,1495,326,85,129,881,74
060670066004,1323,402,135,62,637,87
060670067031,1685,26,437,648,542,32
060670067032,1548,514,390,240,202,202
060670067041,1154,168,221,150,569,46
060670067042,1687,249,323,405,543,167
060670067051,1099,136,130,212,190,431
060670067052,1448,564,28,303,116,437
060670067054,1643,241,547,244,586,25
060670067061,1536,202,224,319,777,14
060670068011,1262,150,60,95,734,223
060670068021,1253,235,0,0,998,20
060670068031,2699,134,399,420,1623,123
060670068032,754,45,0,18,691,0
060670069012,666,549,33,0,84,0
060670069021,745,196,16,27,377,129
060670069023,1196,265,181,316,434,0
060670070011,2652,375,75,191,1915,96
060670070013,788,314,225,10,145,94
060670070071,2521,401,202,121,1653,144
060670070073,2203,173,297,95,1638,0
060670070101,855,540,23,191,82,19
060670070103,899,537,45,38,264,15
060670070111,1906,307,82,171,1107,239
060670070113,1526,140,366,275,411,334
060670070114,888,233,20,178,404,53
060670070116,856,82,355,0,350,69
060670070121,2176,691,400,62,845,178
060670070122,1331,521,114,24,618,54
060670070131,1124,182,142,93,536,171
060670070132,1856,303,134,628,554,237
060670070161,1729,539,96,872,185,37
060670070162,1202,606,293,115,172,16
060670070163,2381,650,344,888,329,170
060670070171,1463,422,94,499,419,29
060670070172,1931,535,382,365,521,128
060670070191,1027,21,454,182,351,19
060670070192,963,101,417,158,194,93
060670070201,1856,791,164,79,508,314
060670070202,828,476,140,124,31,57
060670070203,1874,834,113,263,324,340
060670070212,2092,255,383,82,1272,100
060670070221,1478,266,294,759,86,73
060670070231,1058,118,226,50,494,170
060670070232,1377,339,242,272,352,172
060670070234,794,408,17,114,214,41
060670070241,2133,842,405,92,760,34
060670070252,1617,142,234,538,673,30
060670070261,2001,532,565,212,550,142
060670070263,1676,206,0,1082,286,102
060670070271,994,484,43,204,197,66
060670070281,1681,506,452,706,17,0
060670070282,1427,125,304,407,543,48
060670071011,340,340,0,0,0,0
060670071031,2731,757,76,881,752,265
060670071051,2442,860,535,457,469,121
060670071052,2930,805,28,1424,525,148
060670071061,1025,347,250,235,104,89
060670071063,1814,432,118,810,256,198
060670071064,604,340,11,121,111,21
060670071072,869,263,207,227,127,45
060670071073,877,202,166,132,243,134
060670071082,1343,408,248,558,34,95
060670071091,1775,955,201,372,111,136
060670071101,2580,634,363,814,356,413
060670071102,2084,612,1018,215,164,75
060670071112,1505,408,326,356,266,149
060670072021,1768,1117,32,224,350,45
060670072023,1214,582,0,191,324,117
060670072041,2399,896,185,391,908,19
060670072042,1407,257,209,375,534,32
060670072043,1990,766,341,337,506,40
060670072061,2141,1568,0,42,340,191
060670072062,2135,1498,90,64,357,126
060670072071,1301,883,0,189,81,148
060670072072,1926,949,20,18,836,103
060670072073,1522,1373,1,10,90,48
060670072081,756,651,13,57,9,26
060670072082,2116,1420,126,281,242,47
060670072083,1756,1021,10,176,539,10
060670072091,1392,988,46,2,248,108
060670072092,2131,1387,0,106,616,22
060670073011,3332,1397,266,138,1363,168
060670073012,865,363,144,0,358,0
060670074021,2077,1051,85,86,659,196
060670074022,1924,625,8,175,1071,45
060670074024,2302,803,204,59,1097,139
060670074031,2660,1094,197,11,1111,247
060670074131,2841,1466,477,343,377,178
060670074132,2302,1460,219,315,242,66
060670074141,2570,794,219,128,1158,271
060670074142,1898,873,188,327,442,68
060670074152,1892,1413,297,9,127,46
060670074161,1923,1044,139,43,571,126
060670074171,994,744,97,41,89,23
060670074172,2263,996,53,412,552,250
060670074222,1179,700,54,23,378,24
060670074231,1610,453,871,34,164,88
060670074233,2081,997,187,201,556,140
060670074241,2688,997,190,480,777,244
060670074261,1253,876,223,58,41,55
060670074262,1308,696,186,128,183,115
060670074272,1892,902,227,115,416,232
060670074273,2969,1879,91,86,859,54
060670074281,1891,1260,175,249,156,51
060670074291,2465,718,356,257,713,421
060670074292,1254,812,152,37,57,196
060670074301,680,654,0,0,0,26
060670074302,1502,539,306,482,175,0
060670074304,3517,2196,371,242,511,197
060670074311,1760,1094,41,212,211,202
060670074321,2523,1342,363,29,609,180
060670074322,2606,1680,97,269,272,288
060670074341,1536,465,269,216,575,11
060670074342,1676,842,233,257,267,77
060670074343,3086,1197,661,44,1026,158
060670074351,3127,2334,218,201,323,51
060670074361,2285,919,233,564,310,259
060670074371,2330,1450,28,549,221,82
060670074372,1314,1057,3,176,40,38
060670074373,3053,2097,310,328,88,230
060670074381,3329,1916,324,422,494,173
060670074391,2830,1588,390,276,548,28
060670074392,2153,1377,127,346,233,70
060670075011,1533,1092,20,0,413,8
060670075012,1137,480,41,248,368,0
060670075013,516,452,0,38,15,11
060670075015,2258,822,495,116,480,345
060670075031,1736,848,121,0,638,129
060670075033,603,250,39,233,69,12
060670075034,1776,892,105,274,312,193
060670075042,992,694,52,76,142,28
060670076021,1183,665,112,88,261,57
060670076023,1326,899,10,95,100,222
060670076024,974,809,39,47,51,28
060670076032,1558,1218,79,32,184,45
060670076041,1904,1182,16,263,367,76
060670077011,1383,728,63,111,252,229
060670077012,2152,1139,5,465,296,247
060670077014,1244,661,323,18,149,93
060670077015,1536,999,108,288,52,89
060670077022,864,539,9,135,156,25
060670077023,1611,1191,22,144,135,119
060670078012,1844,1448,15,68,203,110
060670078014,952,701,26,30,115,80
060670078021,645,479,0,18,72,76
060670078023,1623,828,104,36,495,160
060670078024,1020,896,0,72,0,52
060670079032,682,471,34,43,118,16
060670079033,660,621,0,0,39,0
060670079035,1089,1002,0,23,40,24
060670079041,1616,898,3,127,479,109
060670079043,1251,1004,0,32,120,95
060670079044,630,581,10,8,11,20
060670079052,2374,1506,0,401,371,96
060670079061,2394,1629,83,56,442,184
060670079062,1076,752,59,99,142,24
060670080051,773,653,0,0,112,8
060670080052,2112,1791,17,65,147,92
060670080053,1562,1039,0,122,302,99
060670080061,1196,856,78,91,125,46
060670080062,1015,737,99,13,16,150
060670080063,1462,986,0,440,22,14
060670080064,1196,891,0,35,154,116
060670080071,1795,1229,42,134,262,128
060670080072,1683,1052,109,130,351,41
060670080081,1189,900,85,32,145,27
060670080082,1451,1005,15,148,122,161
060670080083,2259,1449,19,82,446,263
060670080091,976,654,0,65,180,77
060670080093,1410,1013,15,65,281,36
060670080094,1078,818,0,19,155,86
060670080102,1265,1100,0,0,152,13
060670080103,1978,1402,0,51,459,66
060670081111,2058,1765,5,12,257,19
060670081112,1908,1390,31,8,357,122
060670081114,928,713,0,0,82,133
060670081131,2612,1628,94,110,627,153
060670081171,1010,701,31,35,175,68
060670081172,1583,1196,15,34,294,44
060670081192,1766,776,73,35,861,21
060670081193,708,600,49,12,47,0
060670081195,760,668,27,12,43,10
060670081201,2086,1570,24,97,283,112
060670081203,1331,893,65,26,219,128
060670081221,825,611,20,109,38,47
060670081223,672,599,8,19,37,9
060670081242,1744,1538,0,107,88,11
060670081251,2749,1792,20,325,278,334
060670081253,1367,978,21,54,292,22
060670081271,2194,1552,0,100,436,106
060670081281,1212,870,7,44,257,34
060670081282,1028,663,2,36,208,119
060670081292,1538,577,382,61,387,131
060670081301,1342,849,41,22,380,50
060670081303,1054,452,111,176,224,91
060670081311,1231,639,184,17,290,101
060670081313,1186,571,43,38,486,48
060670081314,1472,1246,0,29,134,63
060670081315,630,518,16,0,79,17
060670081321,2122,1742,10,25,206,139
060670081322,1791,1271,53,186,160,121
060670081331,1198,727,72,86,231,82
060670081332,1104,760,122,142,61,19
060670081341,1106,966,0,51,51,38
060670081342,2341,1566,182,69,413,111
060670081343,1752,1216,24,134,293,85
060670081351,1101,686,0,65,268,82
060670081352,1673,971,31,69,376,226
060670081353,581,424,0,82,49,26
060670081354,1411,979,20,15,173,224
060670081361,1349,1106,17,19,166,41
060670081362,1516,1088,0,227,181,20
060670081372,1136,898,33,44,79,82
060670081381,1028,546,186,26,234,36
060670081383,1185,858,24,174,98,31
060670081391,481,366,28,13,67,7
060670081393,1943,1133,13,88,621,88
060670081401,1200,943,1,27,179,50
060670081411,1052,886,0,0,139,27
060670081412,1610,581,0,0,758,271
060670081414,1961,892,316,142,574,37
060670081415,1864,874,24,0,883,83
060670081422,956,631,64,89,73,99
060670081431,2294,1885,82,0,214,113
060670081441,897,711,4,9,68,105
060670081442,2235,1537,25,94,424,155
060670081452,1110,1011,21,0,0,78
060670081453,962,671,0,25,174,92
060670081455,1096,604,63,91,331,7
060670082031,1217,955,115,20,81,46
060670082032,1829,1142,72,0,383,232
060670082041,2617,1645,9,19,524,420
060670082042,1882,1510,0,43,329,0
060670082062,3371,2307,7,215,524,318
060670082063,2322,1973,0,14,225,110
060670082072,640,566,0,0,58,16
060670082073,1303,1178,24,7,51,43
060670082075,901,732,16,0,33,120
060670082081,997,742,0,0,93,162
060670082083,1299,824,2,83,298,92
060670082084,1081,862,6,66,39,108
060670082091,2113,1389,75,161,383,105
060670082092,2487,1927,28,148,202,182
060670082101,3033,1997,2,70,866,98
060670082102,1948,1698,0,12,31,207
060670082103,943,655,0,40,190,58
060670082111,1787,1525,7,34,110,111
060670082112,902,687,10,0,184,21
060670084021,1498,1235,0,45,186,32
060670084022,1490,733,0,100,447,210
060670084023,2813,1893,33,3,632,252
060670084031,1727,907,31,241,517,31
060670084032,2172,1058,0,699,219,196
060670084033,1787,1086,17,219,225,240
060670084041,575,388,5,89,67,26
060670084043,2375,1067,0,81,764,463
060670085011,2758,1654,501,153,386,64
060670085013,1156,562,0,376,218,0
060670085014,1611,903,0,513,107,88
060670085042,2924,1716,33,457,591,127
060670085043,751,452,10,119,148,22
060670085052,1098,694,5,251,67,81
060670085061,784,394,29,10,284,67
060670085063,1301,459,9,686,91,56
060670085071,1709,1181,0,182,229,117
060670085081,3048,1880,0,673,151,344
060670085082,1707,813,22,580,194,98
060670085084,371,0,0,230,141,0
060670085091,1831,1074,0,228,342,187
060670085093,2208,1172,23,710,140,163
060670085101,1819,1513,0,80,59,167
060670085103,2077,1205,28,202,610,32
060670085122,1410,892,102,365,38,13
060670085131,2531,911,29,846,534,211
060670086011,2432,1927,116,28,257,104
060670086012,1002,752,0,104,86,60
060670086021,999,490,0,167,211,131
060670086022,564,438,20,0,93,13
060670087022,1364,985,0,246,99,34
060670087031,2270,1685,14,310,134,127
060670087033,1029,789,16,124,30,70
060670087034,1214,248,14,846,78,28
060670087042,0,0,0,0,0,0
060670087043,1743,510,305,698,198,32
060670087061,817,340,0,242,235,0
060670087062,0,0,0,0,0,0
060670087071,1359,555,0,659,145,0
060670087072,0,0,0,0,0,0
060670087073,338,229,0,0,42,67
060670087074,931,410,264,100,0,157
060670087075,2337,1694,43,399,117,84
060670087076,929,421,265,75,153,15
060670087081,1472,727,0,414,232,99
060670087082,0,0,0,0,0,0
060670087083,0,0,0,0,0,0
060670087084,0,0,0,0,0,0
060670087085,0,0,0,0,0,0
060670087086,1139,613,89,262,107,68
060670088022,504,294,18,18,124,50
060670088023,1480,764,76,311,105,224
060670088032,946,570,26,205,129,16
060670089051,1151,629,8,62,401,51
060670089053,1760,613,452,29,625,41
060670089071,973,342,125,243,217,46
060670089073,2245,1534,137,6,516,52
060670089074,1158,803,0,120,172,63
060670089082,1620,915,20,40,548,97
060670089083,573,403,0,20,129,21
060670089092,700,327,245,31,64,33
060670089101,1312,654,9,111,421,117
060670089111,838,497,36,87,102,116
060670089112,1791,475,187,170,904,55
060670089122,1285,746,64,153,218,104
060670089123,1149,780,69,215,79,6
060670089132,958,567,30,120,188,53
060670089133,1644,798,46,109,672,19
060670090042,1500,947,63,113,325,52
060670090051,3094,1348,371,209,832,334
060670090061,1954,751,421,61,342,379
060670090063,650,309,11,25,305,0
060670090071,993,178,169,30,399,217
060670090081,1670,897,126,391,246,10
060670090082,1406,545,66,135,552,108
060670090101,2005,664,95,886,334,26
060670090102,1876,597,1076,23,115,65
060670090104,1246,707,330,105,59,45
060670090111,1486,510,106,339,342,189
060670090112,779,327,0,102,249,101
060670090113,2590,1272,114,832,122,250
060670091031,1921,1012,251,168,421,69
060670091032,1285,454,276,256,201,98
060670091051,1064,431,51,30,369,183
060670091052,830,443,39,111,98,139
060670091053,554,112,72,190,129,51
060670091061,1936,1001,101,328,350,156
060670091062,1192,843,84,30,151,84
060670091063,1068,382,202,104,309,71
060670091071,1597,1202,48,24,323,0
060670001001,2000,1530,1,74,288,107
060670001002,1143,830,8,33,202,70
060670001003,801,679,0,35,67,20
060670002001,780,647,0,39,67,27
060670002002,713,523,0,42,78,70
060670002003,1008,791,0,76,80,61
060670002004,1227,749,0,57,352,69
060670003001,1051,688,0,8,206,149
060670003002,1074,846,17,118,61,32
060670003003,1372,1108,28,42,175,19
060670091072,2629,1079,695,162,564,129
060670091081,1455,851,85,58,226,235
060670091082,1173,827,1,74,238,33
060670091091,865,501,132,34,173,25
060670091092,1771,1049,203,99,237,183
060670091094,1504,610,16,172,256,450
060670091101,1005,189,276,41,377,122
060670091111,2101,496,295,386,655,269
060670091112,2125,821,659,180,367,98
060670091121,2332,918,348,445,488,133
060670091122,1739,516,96,282,583,262
060670092012,805,519,5,50,183,48
060670092013,596,228,0,131,190,47
060670093072,2204,1345,228,403,165,63
060670093073,1746,1139,137,80,293,97
060670093082,3099,2028,66,381,428,196
060670093083,2250,1838,64,46,282,20
060670093092,548,302,0,18,185,43
060670093101,1873,982,76,481,250,84
060670093103,1464,844,293,92,235,0
060670093105,920,688,0,0,212,20
060670093111,1261,197,166,686,143,69
060670093113,2197,923,184,567,184,339
060670093121,635,206,18,219,192,0
060670093123,2817,516,123,1218,817,143
060670093124,1723,515,53,795,315,45
060670093142,2158,498,126,791,312,431
060670093143,1508,453,4,540,199,312
060670093162,2482,202,0,1637,395,248
060670093171,2915,747,418,633,749,368
060670093173,2009,560,306,465,526,152
060670093181,2086,312,305,835,431,203
060670093191,2389,788,32,1116,400,53
060670093192,1036,91,35,576,87,247
060670093193,902,123,106,415,135,123
060670093201,1497,116,289,455,625,12
060670093202,1516,159,153,710,433,61
060670093203,1508,369,124,472,533,10
060670093211,1012,217,240,55,347,153
060670093212,2216,405,46,1075,468,222
060670004001,693,474,15,60,104,40
060670004003,734,633,5,13,69,14
060670004004,599,352,0,12,207,28
060670005011,808,336,84,57,286,45
060670005012,1299,710,66,111,210,202
060670005022,466,220,0,23,190,33
060670006001,706,401,42,29,128,106
060670007001,2790,873,824,437,487,169
060670008002,1253,901,74,93,156,29
060670011021,632,242,40,12,307,31
060670011031,145,98,0,0,40,7
060670011032,308,216,65,27,0,0
060670012011,387,330,3,51,3,0
060670012012,1418,823,35,125,299,136
060670012022,1540,662,266,86,475,51
060670013001,1201,784,33,93,228,63
060670013003,916,608,36,15,203,54
060670014001,484,426,9,7,42,0
060670014003,1189,726,82,49,297,35
060670015001,848,709,36,24,64,15
060670015003,836,467,5,103,129,132
060670015004,686,402,14,114,112,44
060670016011,952,598,0,115,88,151
060670016012,1480,776,53,52,503,96
060670016021,815,588,15,46,140,26
060670016022,1909,1416,0,124,304,65
060670017021,1408,1133,0,77,83,115
060670017022,1218,791,31,69,142,185
060670018001,1085,653,7,121,225,79
060670018002,911,470,91,30,132,188
060670018004,1642,419,385,347,285,206
060670018005,1135,624,136,68,242,65
060670019001,686,511,3,18,136,18
060670019002,807,486,27,43,198,53
060670019003,1118,812,34,67,155,50
060670019004,562,288,21,114,118,21
060670020001,769,493,24,159,62,31
060670020002,939,423,29,181,247,59
060670020003,1001,303,67,223,328,80
060670021001,1083,423,100,131,272,157
060670093213,2328,383,98,980,473,394
060670093231,2980,1391,464,608,360,157
060670093232,2819,1295,164,737,381,242
060670093261,1878,569,118,842,220,129
060670093262,1323,660,80,275,297,11
060670093263,1406,596,196,214,347,53
060670093282,2828,1088,340,772,533,95
060670093283,1569,414,62,590,331,172
060670093292,1554,271,269,638,301,75
060670093301,2495,999,68,763,513,152
060670093311,659,278,71,288,13,9
060670093312,2650,801,765,633,289,162
060670093314,1785,506,123,564,453,139
060670093321,1556,474,0,713,298,71
060670093341,2187,355,397,772,597,66
060670093342,1376,209,41,932,194,0
060670093351,3325,290,468,830,878,859
060670093352,1494,72,0,937,107,378
060670093361,811,511,18,50,186,46
060670093362,1266,870,5,134,151,106
060670094031,1921,1295,0,42,488,96
060670094041,1671,797,0,113,534,227
060670094043,928,625,0,12,262,29
060670094061,962,605,0,43,288,26
060670094062,1356,958,96,54,182,66
060670094091,1536,994,0,89,418,35
060670094092,2510,773,59,17,1456,205
060670094102,1179,560,10,270,275,64
060670094103,2229,921,61,185,1004,58
060670095012,1438,413,9,26,973,17
060670095021,2030,1482,14,58,435,41
060670095023,1559,1043,0,0,440,76
060670095024,1793,708,0,0,1085,0
060670095032,909,603,0,56,212,38
060670095033,895,397,0,73,361,64
060670095041,2887,1110,39,43,1381,314
060670096011,717,90,313,180,107,27
060670096012,1989,164,394,438,587,406
060670096013,1093,36,114,736,207,0
060670096014,2645,140,463,929,942,171
060670021002,648,273,0,131,155,89
060670021003,579,220,85,137,111,26
060670022001,1388,352,132,53,486,365
060670022002,1588,185,158,303,334,608
060670022004,974,696,12,151,93,22
060670023001,415,294,14,32,65,10
060670023003,1179,900,10,16,197,56
060670023004,856,713,11,64,52,16
060670024002,1421,1143,87,0,122,69
060670024004,771,413,3,128,76,151
060670025001,898,609,13,64,158,54
060670026001,1052,571,87,91,205,98
060670026002,632,455,26,30,95,26
060670027001,654,381,68,26,170,9
060670027002,1017,601,64,60,133,159
060670027004,1136,462,182,27,313,152
060670028001,1556,243,337,98,568,310
060670028003,1280,281,171,74,600,154
060670029001,1598,1056,0,101,229,212
060670029003,1017,508,121,97,266,25
060670029004,1117,825,0,11,212,69
060670030012,1564,523,99,0,658,284
060670030021,1299,884,0,27,234,154
060670030023,736,510,58,0,69,99
060670031011,1372,330,32,39,965,6
060670031013,1223,252,27,99,804,41
060670031014,558,178,50,96,220,14
060670031022,1102,491,129,73,295,114
060670031023,918,160,45,38,443,232
060670032022,1017,248,49,233,377,110
060670032023,1764,154,79,1025,506,0
060670032031,839,55,109,360,315,0
060670032032,1971,75,75,1164,396,261
060670032042,1223,24,50,938,181,30
060670032043,2086,167,0,560,1306,53
060670033001,1086,712,17,170,122,65
060670033002,1680,765,22,368,496,29
060670033003,1814,1145,172,75,284,138
060670034001,1485,274,81,198,788,144
060670034002,1206,571,112,162,317,44
060670096081,1794,127,522,777,368,0
060670096082,3648,668,758,1377,631,214
060670096083,2342,202,222,1347,275,296
060670096084,2045,214,958,538,158,177
060670096091,2038,260,592,905,105,176
060670096092,1539,109,663,176,206,385
060670096093,2296,436,118,576,981,185
060670096101,1729,544,355,228,479,123
060670096102,3040,328,312,926,1294,180
060670096111,894,376,101,303,70,44
060670096112,2987,788,472,630,477,620
060670096122,2483,742,448,642,565,86
060670096123,1577,369,190,458,420,140
060670096142,1895,452,586,447,335,75
060670096143,1387,196,215,436,376,164
060670096162,810,181,67,81,456,25
060670096163,2180,1095,21,81,630,353
060670096171,973,352,121,278,199,23
060670096172,3034,2077,132,323,309,193
060670096182,2285,415,800,685,343,42
060670096183,1325,531,319,309,114,52
060670096222,911,413,0,223,226,49
060670096223,3246,1633,107,409,1030,67
060670096225,455,205,0,248,2,0
060670096321,1611,586,503,203,151,168
060670096323,1915,493,205,476,332,409
060670096331,1875,237,195,424,886,133
060670096332,1803,261,587,380,360,215
060670096342,875,42,248,199,248,138
060670096343,1435,103,199,337,415,381
060670096352,979,327,179,304,155,14
060670096353,3059,871,101,910,935,242
060670096372,2982,593,229,1145,671,344
060670096373,2609,314,329,1263,469,234
060670096392,1427,94,325,572,33,403
060670096393,1122,178,321,249,327,47
060670096402,1957,692,93,330,488,354
060670096411,1190,308,66,498,114,204
060670096412,1506,352,159,235,628,132
060670096413,915,27,167,64,548,109
060670034003,1365,735,67,263,220,80
060670035011,871,312,41,101,348,69
060670035012,1052,653,12,111,240,36
060670035013,432,176,78,85,71,22
060670035021,1388,738,38,245,224,143
060670035022,902,334,71,232,228,37
060670035023,385,171,15,63,132,4
060670036001,1743,692,131,73,772,75
060670037001,1788,255,97,506,917,13
060670037002,678,128,97,41,385,27
060670038001,2897,189,443,598,1517,150
060670038002,1555,517,252,206,346,234
060670038004,493,111,266,29,78,9
060670039001,942,487,9,95,294,57
060670039003,1501,514,69,254,578,86
060670040052,625,276,204,49,79,17
060670040053,1382,594,176,439,107,66
060670040061,1637,385,561,380,311,0
060670040062,1514,597,203,121,342,251
060670040064,986,236,30,234,456,30
060670040081,1699,633,25,606,211,224
060670040111,1389,558,137,511,116,67
060670040112,1767,567,116,794,207,83
060670040122,1578,418,234,336,513,77
060670040123,1301,413,198,390,224,76
060670040132,2045,284,193,456,898,214
060670040141,1274,655,171,87,236,125
060670040151,1407,664,0,275,412,56
060670040152,875,300,130,370,75,0
060670040161,1773,1139,151,262,106,115
060670040171,1600,335,365,346,532,22
060670040181,1746,441,229,310,617,149
060670040182,1173,183,73,581,309,27
060670040192,975,325,102,305,232,11
060670040201,1670,290,668,169,388,155
060670041001,2270,171,865,641,475,118
060670041002,1378,264,70,314,504,226
060670041003,1479,157,412,112,602,196
060670042011,1051,98,69,432,385,67
060670042012,3207,446,562,257,1803,139
060670096421,1528,306,63,667,445,47
060670096431,1990,957,159,366,508,0
060670096432,786,373,174,54,117,68
060670096433,2986,1162,436,467,825,96
060670096434,1022,203,122,220,268,209
060670096441,1756,766,0,447,439,104
060670096442,1528,494,218,464,304,48
060670096451,1995,725,89,719,314,148
060670096452,1548,379,74,720,285,90
060670096453,959,230,0,674,0,55
060670096461,1669,401,373,322,482,91
060670096462,2379,269,73,1073,964,0
060670096471,2025,213,169,710,758,175
060670096473,1667,388,195,947,128,9
060670096481,3182,661,344,839,541,797
060670096491,2185,524,485,706,392,78
060670096492,809,179,0,525,82,23
060670096501,395,118,0,210,53,14
060670096502,743,292,0,213,102,136
060670096511,1166,966,0,9,124,67
060670096512,4312,733,367,2330,663,219
060670096522,1027,309,154,477,0,87
060670096531,2123,862,357,30,677,197
060670096533,406,170,0,0,236,0
060670098001,850,584,8,23,209,26
060670099001,1318,609,0,8,639,62
060670099002,1081,789,41,26,116,109
060670099004,673,244,0,20,311,98
060679883001,4834,1055,1888,218,1455,218
061010501013,937,494,1,46,104,292
061010501021,1631,683,34,93,734,87
061010502011,1714,493,0,38,1082,101
061010502022,587,496,5,14,63,9
061010503011,1025,475,0,81,469,0
061010503022,2152,207,14,50,1829,52
061010504011,1547,806,0,69,613,59
061010504014,935,400,41,257,169,68
061010504023,2901,1060,16,1380,410,35
061010505011,1025,780,34,23,126,62
061010505014,902,355,0,285,243,19
061010505031,651,366,44,42,110,89
061010506034,1414,841,32,199,183,159
061010507011,2663,1140,0,303,1187,33
061010507022,665,513,0,41,49,62
061010508001,1781,1355,0,93,217,116
061010509002,716,313,0,0,391,12
061010510002,1330,919,62,178,140,31
061010511003,969,664,10,48,229,18
061010501011,1891,392,12,277,912,298
061010501012,974,395,0,64,476,39
061010501014,2040,1150,0,129,761,0
061010501015,1129,433,47,383,185,81
061010501022,1740,821,28,75,684,132
061010501023,1280,648,76,10,506,40
061010502012,1987,857,54,196,693,187
061010502021,976,168,9,0,775,24
061010502023,806,213,39,6,508,40
061010502024,1167,480,151,0,496,40
061010503012,1432,748,4,94,490,96
061010503021,963,474,0,82,351,56
061010503023,1331,133,115,61,1010,12
061010503024,1148,544,0,112,409,83
061010504012,952,602,0,144,121,85
061010504013,919,293,13,59,451,103
061010504021,891,539,0,0,316,36
061010504022,759,271,0,27,355,106
061010504031,1761,1191,162,38,262,108
061010504032,1395,781,34,129,351,100
061010505012,535,367,0,0,168,0
061010505013,2281,348,126,1513,205,89
061010505015,1965,338,19,572,560,476
061010505032,1502,676,0,392,418,16
061010505033,2675,747,0,1553,302,73
061010505034,619,247,0,171,180,21
061010505035,1356,286,51,371,545,103
061010505041,1537,809,2,461,198,67
061010505042,1038,533,0,56,440,9
061010505043,727,281,48,40,330,28
061010505044,2224,1090,50,576,346,162
061010505045,2624,700,0,1421,448,55
061010506011,1450,1066,2,106,266,10
061010506012,1599,956,0,196,341,106
061010506013,1775,610,0,810,355,0
061010506014,1154,551,0,118,366,119
061010506031,656,469,0,40,91,56
061010506032,1272,964,0,109,154,45
061010506033,1454,934,82,282,125,31
061010506041,1671,747,44,241,516,123
061010506042,2789,1855,95,418,286,135
061010507012,1945,691,0,86,1129,39
061010507021,2340,990,127,89,1049,85
061010507023,2018,433,22,867,665,31
061010507024,1397,406,0,53,901,37
061010508002,1393,1081,0,9,297,6
061010509001,646,397,2,2,234,11
061010510001,1235,532,0,85,616,2
061010511001,826,604,23,52,38,109
061010511002,526,434,4,0,72,16
061130101031,1232,597,103,94,174,264
061130101041,2736,371,179,128,1719,339
061130101044,851,374,0,153,118,206
061130102012,1255,685,0,9,471,90
061130102033,1786,386,146,96,1064,94
061130102042,319,188,0,93,13,25
061130103101,1231,771,82,92,169,117
061130103104,1602,730,89,312,377,94
061130103122,1842,1116,100,207,260,159
061130105054,1445,780,71,160,232,202
061130105091,1597,866,11,320,269,131
061130105101,660,408,0,172,0,80
061130105104,1129,660,33,265,0,171
061130105121,2366,1175,0,713,240,238
061130105132,2135,1194,70,347,462,62
061130106023,1156,700,18,61,80,297
061130106051,2200,1097,39,779,114,171
061130106072,827,417,42,176,127,65
061130106081,1504,924,0,211,303,66
061130106083,917,313,0,225,318,61
061130106092,1449,1099,0,206,26,118
061130106111,1615,1042,44,192,168,169
061130107013,656,543,0,84,12,17
061130107032,1443,932,77,314,114,6
061130107041,2800,1628,84,360,464,264
061130111012,1666,589,0,26,971,80
061130111023,1364,105,0,164,1076,19
061130112031,2309,1064,0,65,1171,9
061130112042,2397,817,0,20,1392,168
061130112072,1454,1093,0,23,338,0
061130112083,1499,1026,8,30,435,0
061130112101,751,296,0,38,406,11
061130113011,937,803,0,15,119,0
061130113021,946,300,7,0,620,19
061130113031,2042,1320,0,0,722,0
061130114002,1629,721,0,35,867,6
061130115002,331,285,0,0,8,38
061130115005,1138,284,1,1,852,0
061130101021,2132,1255,34,83,748,12
061130101032,2372,681,10,188,1422,71
061130101033,1362,579,106,5,653,19
061130101042,469,207,0,0,262,0
061130101043,2088,694,0,0,1336,58
061130101051,1318,744,100,161,125,188
061130102011,2165,1186,0,116,772,91
061130102031,877,258,101,47,391,80
061130102032,2562,601,172,140,1455,194
061130102034,246,246,0,0,0,0
061130102041,1412,365,7,175,842,23
061130102043,2548,1450,21,91,936,50
061130102044,1359,252,94,507,414,92
061130103102,2801,1301,184,160,992,164
061130103103,561,243,9,102,121,86
061130103121,3072,1653,100,424,738,157
061130103123,881,603,0,0,239,39
061130103131,2214,1092,65,401,526,130
061130103132,2395,1113,36,861,204,181
061130103141,2049,1056,2,277,242,472
061130103151,1146,954,0,84,108,0
061130104011,1545,926,0,28,482,109
061130104012,1086,799,0,72,169,46
061130104013,695,464,6,142,72,11
061130104014,1314,927,57,122,169,39
061130104021,1906,1216,55,203,330,102
061130104022,2877,936,415,955,233,338
061130105011,2508,772,167,1129,355,85
061130105012,6881,1841,146,2933,1425,536
061130105051,299,257,0,29,13,0
061130105052,976,495,0,313,80,88
061130105053,2225,954,28,963,201,79
061130105081,1372,847,0,303,114,108
061130105082,1226,882,37,193,66,48
061130105092,1924,1345,4,255,222,98
061130105102,2530,1178,89,464,265,534
061130105103,1685,769,0,890,0,26
061130105111,1196,572,0,117,349,158
061130105112,1915,1101,12,520,106,176
061130105122,1334,770,78,259,215,12
061130105131,877,666,0,82,80,49
061130106021,1101,457,245,191,149,59
061130106022,1117,758,115,84,160,0
061130106024,1399,561,23,111,577,127
061130106025,1285,467,16,502,161,139
061130106052,1285,536,16,274,405,54
061130106071,1095,352,45,467,169,62
061130106073,906,762,0,64,72,8
061130106074,1429,878,130,155,86,180
061130106082,2284,590,0,1122,497,75
061130106084,1633,403,0,549,673,8
061130106091,714,376,0,100,175,63
061130106101,1179,659,0,95,190,235
061130106102,2669,1713,62,288,455,151
061130107011,1410,932,0,209,88,181
061130107012,2101,1077,18,621,355,30
061130107014,743,462,26,131,23,101
061130107031,1243,442,11,462,257,71
061130107033,1776,655,28,903,135,55
061130107034,1548,854,0,307,182,205
061130108001,1474,487,23,188,763,13
061130108002,985,380,61,27,445,72
061130108003,870,116,0,34,712,8
061130109011,2814,744,99,38,1922,11
061130109012,1074,596,0,30,373,75
061130109013,1539,453,16,0,1038,32
061130109021,2119,999,22,108,937,53
061130109022,2343,513,0,250,1580,0
061130109023,1627,890,31,89,549,68
061130110011,1825,766,58,0,951,50
061130110012,2983,535,27,133,2265,23
061130110013,2097,1086,31,53,795,132
061130110021,1419,706,13,96,597,7
061130110022,1123,866,35,0,158,64
061130110023,833,650,0,10,128,45
061130111011,1528,496,7,66,823,136
061130111021,1839,469,29,55,1084,202
061130111022,1849,340,177,279,1023,30
061130111031,2213,769,8,61,1296,79
061130111032,1333,515,8,12,722,76
061130112032,963,739,0,9,170,45
061130112041,1759,1028,0,29,483,219
061130112043,1713,673,7,19,994,20
061130112071,1081,679,0,33,369,0
061130112081,1545,702,26,558,105,154
061130112082,3546,1365,71,411,1397,302
061130112091,1931,328,0,485,1066,52
061130112092,1434,498,0,128,761,47
061130112102,2092,349,193,940,610,0
061130112111,1764,928,0,245,591,0
061130113012,1208,432,33,113,630,0
061130113022,0,0,0,0,0,0
061130113023,2597,1507,25,0,1031,34
061130113041,1451,413,0,2,1033,3
061130114001,1523,552,63,0,789,119
061130114003,1015,391,0,0,616,8
061130115001,766,530,0,43,87,106
061130115003,2322,1002,0,64,1171,85
061130115004,1644,883,0,14,725,22
061150401003,1161,710,29,53,248,121
061150402011,1650,950,0,161,539,0
061150402013,1601,866,15,8,712,0
061150405002,1527,704,0,91,642,90
061150406001,1694,947,26,328,238,155
061150406004,583,239,0,0,317,27
061150407012,1475,753,9,249,343,121
061150407021,2441,811,147,146,1228,109
061150408001,2210,1373,0,50,425,362
061150409011,1588,1154,34,20,245,135
061150409022,558,263,67,29,142,57
061150409024,326,146,59,21,70,30
061150410013,2021,1586,0,0,353,82
061150410023,1135,986,0,41,97,11
061150411013,957,957,0,0,0,0
061150401001,875,733,47,10,74,11
061150401002,878,510,31,48,56,233
061150401004,968,482,0,12,356,118
061150401005,1049,468,45,30,362,144
061150402012,1296,631,0,22,566,77
061150402021,829,706,0,22,101,0
061150402022,1994,976,97,22,747,152
061150402023,222,137,36,0,49,0
061150402024,404,292,0,0,112,0
061150403011,1585,876,69,9,609,22
061150403012,2642,681,9,638,902,412
061150403021,2197,825,71,192,1040,69
061150403041,2839,1245,205,168,767,454
061150403042,1364,640,200,310,195,19
061150403043,2123,736,13,193,888,293
061150403051,2291,1027,195,211,616,242
061150404001,2254,702,46,236,1157,113
061150404002,2095,390,0,196,1271,238
061150404003,1983,962,41,137,686,157
061150405001,821,339,6,0,446,30
061150405003,966,577,0,55,322,12
061150406002,1254,630,117,88,259,160
061150406003,1292,756,11,0,476,49
061150406005,1188,401,90,0,690,7
061150407011,1366,581,62,138,436,149
061150407013,2339,1172,14,276,696,181
061150407014,2590,1428,248,101,669,144
061150407022,2475,1558,50,168,573,126
061150407023,626,482,0,6,72,66
061150408002,575,393,5,0,159,18
061150408003,1557,1305,0,27,180,45
061150409012,1764,795,9,595,263,102
061150409021,71,48,16,0,7,0
061150409023,646,475,16,12,115,28
061150410011,612,509,0,0,103,0
061150410012,860,492,69,0,259,40
061150410021,819,803,0,0,16,0
061150410022,2067,1462,183,15,228,179
061150411011,841,601,35,0,110,95
061150411012,953,777,77,0,55,44
061150411021,1027,801,34,0,31,161
