{
	"charts": {
		"Housing Types": {
			"title": "Housing Types within 1mi of Project Location",
			"features": [
				{
					"attributes": {
						"year": "2016",
						"Very Low or Rural Res Density": 54,
						"Low Density": 2958,
						"Medium Density": 2856,
						"Med-High Density": 4114,
						"High Density": 8019,
						"Mixed Use": 1594
					}
				},
				{
					"attributes": {
						"year": "2040",
						"Very Low or Rural Res Density": 58,
						"Low Density": 3148,
						"Medium Density": 2984,
						"Med-High Density": 4741,
						"High Density": 14506,
						"Mixed Use": 8520
					}
				}
			]
		}
	}
}