{
	"Project location infill status": "Infill Project",
	"charts": {
		"Accessibility to Services": {
			"title": "Accessibility to Services",
			"features": [
				{
					"attributes": {
						"type": "30 Min Walk",
						"project": 55,
						"community Type": 23,
						"region": 17
					}
				},
				{
					"attributes": {
						"type": "30 Min Biking",
						"project": 444,
						"community Type": 199,
						"region": 140
					}
				},
				{
					"attributes": {
						"type": "30 Min Drive",
						"project": 1320,
						"community Type": 686,
						"region": 520
					}
				},
				{
					"attributes": {
						"type": "45 Min Transit",
						"project": 290,
						"community Type": 122,
						"region": 78
					}
				}
			]
		}
	}
}