{
	"Population": 2746,
	"Share of population living in EJ community": {
		"Within project location": 0.56,
		"Within community type": 0.37,
		"Within region": 0.37
	},
	"charts": {
		"Total Job Accessibility": {
			"title": "Total Job Accessibility for EJ Populations Adjacent to Project",
			"features": [
				{
					"attributes": {
						"type": "30 Min Walk",
						"value": 3678
					}
				},
				{
					"attributes": {
						"type": "30 Min Biking",
						"value": 22154
					}
				},
				{
					"attributes": {
						"type": "30 Min Drive",
						"value": 499799
					}
				},
				{
					"attributes": {
						"type": "45 Min Transit",
						"value": 15831
					}
				}
			]
		},
		"Education Accessibility": {
			"title": "Education Accessibility for EJ Populations Adjacent to Project",
			"features": [
				{
					"attributes": {
						"type": "30 Min Walk",
						"value": 2
					}
				},
				{
					"attributes": {
						"type": "30 Min Biking",
						"value": 37
					}
				},
				{
					"attributes": {
						"type": "30 Min Drive",
						"value": 441
					}
				},
				{
					"attributes": {
						"type": "45 Min Transit",
						"value": 24
					}
				}
			]
		},
		"Services Accessibility": {
			"title": "Services Accessibility for EJ Populations Adjacent to Project",
			"features": [
				{
					"attributes": {
						"type": "30 Min Walk",
						"value": 17
					}
				},
				{
					"attributes": {
						"type": "30 Min Biking",
						"value": 130
					}
				},
				{
					"attributes": {
						"type": "15 Min Drive",
						"value": 536
					}
				},
				{
					"attributes": {
						"type": "45 Min Transit",
						"value": 92
					}
				}
			]
		}
	}
}