{
	"congestionRatio": {
		"first": {
			"name": "NB",
			"value": 0.5
		},
		"second": {
			"name": "SB",
			"value": 0.48
		}
	},
	"projectAADT": 32900,
	"charts": {
		"Free flow vs Congested Speeds": {
			"title": "Free-flow vs. Congested Speeds",
			"features": [
				{
					"attributes": {
						"type": "NB",
						"freeFlowSpeed": 36,
						"averageCongestedSpeed": 18
					}
				},
				{
					"attributes": {
						"type": "SB",
						"freeFlowSpeed": 38,
						"averageCongestedSpeed": 18
					}
				}
			]
		},
		"Travel Time Reliability Index": {
			"title": "Travel Time Reliability Index",
			"features": [
				{
					"attributes": {
						"type": "NB",
						"AMPeak": 1.35,
						"PMPeak": 1.35,
						"midday": 1.3,
						"weekend": 1.33
					}
				},
				{
					"attributes": {
						"type": "SB",
						"AMPeak": 1.33,
						"PMPeak": 1.36,
						"midday": 1.32,
						"weekend": 1.36
					}
				}
			]
		},
		"Jobs and Dwelling": {
			"title": "Total Jobs and Dwelling Units within 0.5mi of project",
			"features": [
				{
					"attributes": {
						"year": "2016",
						"jobs": 1612,
						"dwellingUnits": 3147
					}
				},
				{
					"attributes": {
						"year": "2040",
						"jobs": 2303,
						"dwellingUnits": 4516
					}
				}
			]
		}
	}
}