{
	"Total collisions": 817,
	"Collision heat map Image Url": "https://latitudegeo.maps.arcgis.com/sharing/rest/content/items/31435829568a45baa25883886897b080/data",
	"Collisions per 100 million VMT": {
		"Within project segment": 3497.6,
		"Within community type": 67.7,
		"Within region": 63.4
	},
	"charts": {
		"Share of Collisions that are Fatal": {
			"title": "Share of Collisions that are Fatal",
			"features": [
				{
					"attributes": {
						"type": "Project",
						"value": 0.02
					}
				},
				{
					"attributes": {
						"type": "Community Type",
						"value": 0.03
					}
				},
				{
					"attributes": {
						"type": "Region",
						"value": 0.02
					}
				}
			]
		}
	}
}