{
	"charts": {
		"Weekday Transit Trips": {
			"title": "Weekday Transit Trips on Project Segment",
			"features": [
				{
					"attributes": {
						"year": "2016",
						"value": 383.7
					}
				},
				{
					"attributes": {
						"year": "2040",
						"value": 100.0
					}
				}
			]
		},
		"Average Weekday Vehicle Occupancy": {
			"title": "Average Weekday Vehicle Occupancy",
			"features": [
				{
					"attributes": {
						"year": "2016",
						"value": 1.2
					}
				},
				{
					"attributes": {
						"year": "2040",
						"value": 1.5
					}
				}
			]
		}
	}
}